college,season,division,height,numplayers,rank,W,L,winpct,percentile
Adrian College,2010-2011,D3,74.64285714285714,14,,,,,
Adrian College,2011-2012,D3,75.0625,16,,,,,
Adrian College,2013-2014,D3,72.5,18,,,,,
Adrian College,2014-2015,D3,71.66666666666667,15,,,,,
Adrian College,2015-2016,D3,71.63636363636364,11,71.0,1.0,20.0,0.048,0.01388888888888884
Adrian College,2016-2017,D3,72.61538461538461,13,72.0,4.0,21.0,0.16,0.07692307692307687
Adrian College,2017-2018,D3,72.28571428571429,14,59.0,8.0,14.0,0.364,0.3058823529411765
Adrian College,2018-2019,D3,72.53333333333333,15,43.0,16.0,14.0,0.5329999999999999,0.5700000000000001
Adrian College,2019-2020,D3,71.85714285714286,14,49.0,10.0,9.0,0.526,0.505050505050505
Alderson Broaddus University,2010-2011,D1,73.84615384615384,13,,,,,
Alderson Broaddus University,2011-2012,D1,73.54545454545455,11,,,,,
Alderson Broaddus University,2012-2013,D1,,9,,,,,
Alderson Broaddus University,2013-2014,D1,,4,,,,,
Alderson Broaddus University,2014-2015,D1,75.1,15,,,,,
Alderson Broaddus University,2015-2016,D1,74.72222222222223,18,30.0,8.0,12.0,0.4,0.2857142857142857
Alderson Broaddus University,2016-2017,D1,74.36363636363636,11,35.0,6.0,16.0,0.273,0.14634146341463417
Alderson Broaddus University,2017-2018,D1,73.61538461538461,13,41.0,4.0,20.0,0.16699999999999998,0.023809523809523836
Alderson Broaddus University,2018-2019,D1,74.0,6,43.0,0.0,13.0,0.0,0.0
Alderson Broaddus University,2019-2020,D1,72.88888888888889,9,44.0,1.0,12.0,0.077,0.022222222222222254
Alvernia University,2017-2018,D3,73.35714285714286,14,55.0,12.0,16.0,0.429,0.3529411764705882
Alvernia University,2018-2019,D3,74.0,12,62.0,12.0,17.0,0.414,0.38
Alvernia University,2019-2020,D3,74.42857142857143,14,39.0,12.0,8.0,0.6,0.6060606060606061
Arcadia University,2016-2017,D3,73.07692307692308,13,51.0,12.0,18.0,0.4,0.34615384615384615
Arcadia University,2017-2018,D3,73.78571428571429,14,33.0,17.0,13.0,0.5670000000000001,0.611764705882353
Arcadia University,2018-2019,D3,74.35714285714286,14,21.0,26.0,11.0,0.703,0.79
Arcadia University,2019-2020,D3,74.88888888888889,18,51.0,11.0,10.0,0.524,0.48484848484848486
Augustana College,2017-2018,D3,72.23076923076923,13,56.0,11.0,16.0,0.40700000000000003,0.3411764705882353
Augustana College,2018-2019,D3,71.82352941176471,17,55.0,12.0,15.0,0.444,0.44999999999999996
Augustana College,2019-2020,D3,72.35714285714286,14,43.0,12.0,9.0,0.5710000000000001,0.5656565656565656
Aurora University,2017-2018,D3,73.2,15,50.0,12.0,14.0,0.462,0.4117647058823529
Aurora University,2018-2019,D3,74.42857142857143,14,52.0,13.0,14.0,0.48100000000000004,0.48
Aurora University,2019-2020,D3,74.58823529411765,18,17.0,12.0,4.0,0.75,0.8282828282828283
BYU,2010-2011,D1,74.75,20,6.0,20.0,8.0,0.7140000000000001,0.8285714285714285
BYU,2011-2012,D1,75.95238095238095,21,6.0,24.0,7.0,0.774,0.8
BYU,2012-2013,D1,76.82352941176471,17,1.0,26.0,5.0,0.8390000000000001,0.9642857142857143
Ball State University,2010-2011,D1,71.64285714285714,14,11.0,19.0,11.0,0.633,0.6857142857142857
Ball State University,2011-2012,D1,71.26666666666667,15,15.0,14.0,12.0,0.5379999999999999,0.5
Ball State University,2012-2013,D1,75.58823529411765,17,4.0,21.0,6.0,0.778,0.8571428571428572
Ball State University,2013-2014,D1,76.72222222222223,18,6.0,22.0,8.0,0.733,0.8461538461538461
Ball State University,2014-2015,D1,76.66666666666667,18,30.0,13.0,16.0,0.44799999999999995,0.2857142857142857
Ball State University,2015-2016,D1,77.16666666666667,18,9.0,20.0,9.0,0.69,0.7857142857142857
Ball State University,2016-2017,D1,77.21052631578948,19,10.0,19.0,10.0,0.655,0.7560975609756098
Ball State University,2017-2018,D1,76.4,20,15.0,18.0,12.0,0.6,0.6428571428571428
Ball State University,2018-2019,D1,76.2,20,22.0,15.0,15.0,0.5,0.4883720930232558
Ball State University,2019-2020,D1,75.84210526315789,19,10.0,12.0,6.0,0.667,0.7777777777777778
Bard College,2010-2011,D3,73.66666666666667,12,14.0,20.0,13.0,0.606,0.7021276595744681
Bard College,2011-2012,D3,73.0,9,,,,,
Bard College,2012-2013,D3,72.55555555555556,9,,,,,
Bard College,2013-2014,D3,71.55555555555556,9,58.0,8.0,24.0,0.25,0.049180327868852514
Bard College,2014-2015,D3,72.33333333333333,12,52.0,9.0,21.0,0.3,0.21212121212121215
Bard College,2015-2016,D3,72.54545454545455,11,54.0,10.0,22.0,0.313,0.25
Bard College,2016-2017,D3,72.44444444444444,9,71.0,5.0,23.0,0.179,0.08974358974358976
Bard College,2017-2018,D3,72.3,10,85.0,3.0,21.0,0.125,0.0
Bard College,2018-2019,D3,73.5,10,99.0,2.0,16.0,0.111,0.010000000000000009
Bard College,2019-2020,D3,72.0,9,,,,,
Barton College,2012-2013,D1,76.0909090909091,11,,,,,
Barton College,2013-2014,D1,75.0909090909091,11,26.0,12.0,17.0,0.414,0.33333333333333337
Barton College,2014-2015,D1,74.83333333333333,12,31.0,13.0,18.0,0.419,0.26190476190476186
Barton College,2015-2016,D1,74.71428571428571,14,5.0,22.0,7.0,0.759,0.8809523809523809
Barton College,2016-2017,D1,75.0625,16,6.0,23.0,6.0,0.7929999999999999,0.8536585365853658
Barton College,2017-2018,D1,76.1,10,7.0,21.0,8.0,0.7240000000000001,0.8333333333333334
Barton College,2018-2019,D1,76.08333333333333,12,3.0,25.0,5.0,0.833,0.9302325581395349
Barton College,2019-2020,D1,74.64285714285714,14,5.0,13.0,2.0,0.867,0.8888888888888888
Baruch College,2010-2011,D3,76.76470588235294,17,8.0,34.0,16.0,0.68,0.8297872340425532
Baruch College,2011-2012,D3,75.2,15,,,,,
Baruch College,2012-2013,D3,75.06666666666666,15,3.0,34.0,6.0,0.85,0.8928571428571429
Baruch College,2013-2014,D3,74.18181818181819,11,11.0,27.0,11.0,0.711,0.819672131147541
Baruch College,2014-2015,D3,74.0,12,11.0,25.0,10.0,0.7140000000000001,0.8333333333333334
Baruch College,2015-2016,D3,74.42857142857143,14,28.0,18.0,13.0,0.581,0.6111111111111112
Baruch College,2016-2017,D3,73.78571428571429,14,56.0,10.0,17.0,0.37,0.28205128205128205
Baruch College,2017-2018,D3,73.5625,17,53.0,13.0,17.0,0.433,0.3764705882352941
Baruch College,2018-2019,D3,73.25,12,26.0,20.0,11.0,0.645,0.74
Baruch College,2019-2020,D3,73.52941176470588,17,27.0,14.0,6.0,0.7,0.7272727272727273
Belmond Abbey College,2011-2012,D1,72.53846153846153,13,,,,,
Belmond Abbey College,2012-2013,D1,76.07692307692308,13,27.0,11.0,20.0,0.355,0.0357142857142857
Belmond Abbey College,2013-2014,D1,75.5,15,39.0,3.0,25.0,0.107,0.0
Belmond Abbey College,2014-2015,D1,76.0,14,26.0,12.0,14.0,0.462,0.38095238095238093
Belmond Abbey College,2015-2016,D1,75.23076923076923,13,15.0,18.0,11.0,0.621,0.6428571428571428
Belmond Abbey College,2016-2017,D1,74.72727272727273,12,32.0,9.0,17.0,0.34600000000000003,0.2195121951219512
Belmond Abbey College,2017-2018,D1,74.33333333333333,15,25.0,13.0,16.0,0.44799999999999995,0.40476190476190477
Belmond Abbey College,2018-2019,D1,74.72222222222223,18,16.0,15.0,11.0,0.5770000000000001,0.627906976744186
Belmond Abbey College,2019-2020,D1,74.33333333333333,18,29.0,8.0,10.0,0.444,0.3555555555555555
Benedictine University,2014-2015,D3,73.78571428571429,14,51.0,7.0,16.0,0.304,0.2272727272727273
Benedictine University,2015-2016,D3,73.23529411764706,17,27.0,15.0,10.0,0.6,0.625
Benedictine University,2016-2017,D3,74.0,18,45.0,11.0,13.0,0.45799999999999996,0.42307692307692313
Benedictine University,2017-2018,D3,73.8,20,,,,,
Benedictine University,2018-2019,D3,73.78947368421052,19,,,,,
Benedictine University,2019-2020,D3,74.23529411764706,17,22.0,12.0,5.0,0.706,0.7777777777777778
Brooklyn College,2011-2012,D3,76.94736842105263,19,29.0,10.0,14.0,0.41700000000000004,0.0
Brooklyn College,2012-2013,D3,70.92307692307692,13,25.0,13.0,12.0,0.52,0.1071428571428571
Brooklyn College,2013-2014,D3,71.33333333333333,12,31.0,16.0,15.0,0.516,0.4918032786885246
Brooklyn College,2014-2015,D3,70.9090909090909,11,66.0,1.0,28.0,0.034,0.0
Brooklyn College,2015-2016,D3,71.83333333333333,12,60.0,8.0,21.0,0.276,0.16666666666666663
Brooklyn College,2016-2017,D3,72.4,15,37.0,14.0,12.0,0.5379999999999999,0.5256410256410257
Brooklyn College,2017-2018,D3,73.2,15,35.0,13.0,10.0,0.565,0.5882352941176471
Brooklyn College,2018-2019,D3,71.0,8,57.0,10.0,13.0,0.435,0.43000000000000005
Brooklyn College,2019-2020,D3,71.0,9,71.0,6.0,11.0,0.353,0.2828282828282829
Cairn University,2010-2011,D3,72.27777777777777,36,9.0,23.0,11.0,0.6759999999999999,0.8085106382978724
Cairn University,2011-2012,D3,72.3956043956044,91,,,,,
Cairn University,2012-2013,D3,74.23076923076923,13,,,,,
Cairn University,2013-2014,D3,73.6,135,45.0,9.0,16.0,0.36,0.2622950819672131
Cairn University,2014-2015,D3,74.0,10,45.0,11.0,16.0,0.40700000000000003,0.31818181818181823
Cairn University,2015-2016,D3,73.5,12,57.0,6.0,14.0,0.3,0.20833333333333337
Cairn University,2016-2017,D3,72.1,10,74.0,4.0,27.0,0.129,0.05128205128205132
Cairn University,2017-2018,D3,72.46153846153847,13,57.0,11.0,17.0,0.39299999999999996,0.3294117647058824
Cairn University,2018-2019,D3,72.75,12,74.0,8.0,16.0,0.33299999999999996,0.26
Cairn University,2019-2020,D3,72.84615384615384,13,60.0,8.0,10.0,0.444,0.3939393939393939
California Lutheran University,2015-2016,D3,73.70588235294117,17,68.0,4.0,23.0,0.14800000000000002,0.05555555555555558
California Lutheran University,2016-2017,D3,75.0,17,70.0,4.0,17.0,0.19,0.10256410256410253
California Lutheran University,2017-2018,D3,74.5,18,19.0,18.0,8.0,0.6920000000000001,0.7764705882352941
California Lutheran University,2018-2019,D3,74.6,20,38.0,13.0,10.0,0.565,0.62
California Lutheran University,2019-2020,D3,74.44444444444444,18,66.0,9.0,13.0,0.409,0.33333333333333337
California State University Northridge,2010-2011,D1,74.5625,17,34.0,7.0,22.0,0.24100000000000002,0.02857142857142858
California State University Northridge,2011-2012,D1,75.0,22,25.0,12.0,18.0,0.4,0.16666666666666663
California State University Northridge,2012-2013,D1,76.15,20,24.0,11.0,15.0,0.423,0.1428571428571429
California State University Northridge,2013-2014,D1,76.3,20,29.0,10.0,17.0,0.37,0.2564102564102564
California State University Northridge,2014-2015,D1,76.5,20,33.0,10.0,18.0,0.35700000000000004,0.2142857142857143
California State University Northridge,2015-2016,D1,76.41176470588235,17,24.0,14.0,15.0,0.483,0.4285714285714286
California State University Northridge,2016-2017,D1,76.6875,16,25.0,12.0,15.0,0.444,0.3902439024390244
California State University Northridge,2017-2018,D1,77.18181818181819,22,16.0,16.0,11.0,0.593,0.6190476190476191
California State University Northridge,2018-2019,D1,76.5,20,25.0,13.0,14.0,0.48100000000000004,0.41860465116279066
California State University Northridge,2019-2020,D1,76.75,20,39.0,4.0,11.0,0.267,0.1333333333333333
Carthage College,2012-2013,D3,75.5,18,7.0,24.0,8.0,0.75,0.75
Carthage College,2013-2014,D3,74.95652173913044,23,9.0,23.0,8.0,0.742,0.8524590163934427
Carthage College,2014-2015,D3,75.4,20,7.0,23.0,6.0,0.7929999999999999,0.8939393939393939
Carthage College,2015-2016,D3,75.6470588235294,17,2.0,27.0,2.0,0.9309999999999999,0.9722222222222222
Carthage College,2016-2017,D3,75.55555555555556,18,,,,,
Carthage College,2017-2018,D3,75.35,20,2.0,24.0,2.0,0.9229999999999999,0.9764705882352941
Carthage College,2018-2019,D3,74.94736842105263,19,3.0,23.0,3.0,0.885,0.97
Carthage College,2019-2020,D3,75.17647058823529,17,12.0,12.0,3.0,0.8,0.8787878787878788
City College of NY,2010-2011,D3,73.8,11,39.0,10.0,23.0,0.303,0.17021276595744683
City College of NY,2011-2012,D3,74.38461538461539,13,,,,,
City College of NY,2012-2013,D3,70.42857142857143,14,,,,,
City College of NY,2013-2014,D3,71.07692307692308,13,50.0,9.0,20.0,0.31,0.180327868852459
City College of NY,2014-2015,D3,69.0,12,55.0,7.0,22.0,0.24100000000000002,0.16666666666666663
City College of NY,2015-2016,D3,68.33333333333333,10,58.0,8.0,19.0,0.29600000000000004,0.19444444444444442
City College of NY,2016-2017,D3,70.75,8,57.0,9.0,16.0,0.36,0.2692307692307693
City College of NY,2017-2018,D3,70.0909090909091,11,40.0,12.0,10.0,0.545,0.5294117647058824
City College of NY,2018-2019,D3,69.0,11,17.0,14.0,5.0,0.737,0.83
City College of NY,2019-2020,D3,70.25,12,22.0,12.0,5.0,0.706,0.7777777777777778
Colby-Sawyer College,2018-2019,D3,71.91666666666667,12,68.0,10.0,16.0,0.385,0.31999999999999995
Colby-Sawyer College,2019-2020,D3,72.8,10,32.0,11.0,6.0,0.647,0.6767676767676767
College of Mount Saint Vincent,2013-2014,D3,73.1875,16,26.0,15.0,11.0,0.5770000000000001,0.5737704918032787
College of Mount Saint Vincent,2014-2015,D3,72.75,13,17.0,17.0,10.0,0.63,0.7424242424242424
College of Mount Saint Vincent,2015-2016,D3,73.16666666666667,12,37.0,15.0,15.0,0.5,0.48611111111111116
College of Mount Saint Vincent,2017-2018,D3,72.9,10,45.0,14.0,15.0,0.483,0.47058823529411764
College of Mount Saint Vincent,2018-2019,D3,71.0,7,91.0,3.0,17.0,0.15,0.08999999999999997
College of Mount Saint Vincent,2019-2020,D3,72.58333333333333,12,97.0,2.0,18.0,0.1,0.02020202020202022
College of Saint Elizabeth,2017-2018,D3,71.3,10,80.0,4.0,20.0,0.16699999999999998,0.05882352941176472
College of Saint Elizabeth,2018-2019,D3,71.9090909090909,11,84.0,5.0,17.0,0.22699999999999998,0.16000000000000003
College of Saint Elizabeth,2019-2020,D3,71.35714285714286,14,39.0,9.0,6.0,0.6,0.6060606060606061
Concordia University Chicago,2018-2019,D3,75.2,10,90.0,4.0,22.0,0.154,0.09999999999999998
Concordia University Chicago,2019-2020,D3,74.06666666666666,15,6.0,14.0,3.0,0.8240000000000001,0.9393939393939394
Concordia University Irvine,2011-2012,D1,74.92857142857143,14,,,,,
Concordia University Irvine,2015-2016,D1,75.25,20,14.0,13.0,7.0,0.65,0.6666666666666667
Concordia University Irvine,2016-2017,D1,75.76470588235294,17,,,,,
Concordia University Irvine,2017-2018,D1,74.95238095238095,21,22.0,15.0,15.0,0.5,0.47619047619047616
Concordia University Irvine,2018-2019,D1,75.53846153846153,26,27.0,14.0,19.0,0.424,0.37209302325581395
Concordia University Irvine,2019-2020,D1,75.5,24,27.0,11.0,10.0,0.524,0.4
Concordia University Wisconsin,2017-2018,D3,74.0,13,,,,,
Concordia University Wisconsin,2018-2019,D3,73.07692307692308,13,71.0,9.0,15.0,0.375,0.29000000000000004
Concordia University Wisconsin,2019-2020,D3,73.2,15,48.0,8.0,7.0,0.5329999999999999,0.5151515151515151
DYouville College,2010-2011,D3,74.0,8,23.0,14.0,13.0,0.519,0.5106382978723405
DYouville College,2011-2012,D3,74.75,12,25.0,13.0,16.0,0.44799999999999995,0.13793103448275867
DYouville College,2012-2013,D3,74.25,12,28.0,16.0,16.0,0.5,0.0
DYouville College,2013-2014,D3,73.77777777777777,9,59.0,5.0,19.0,0.20800000000000002,0.032786885245901676
DYouville College ,2014-2015,D3,73.72727272727273,11,,,,,
DYouville College ,2015-2016,D3,74.27272727272727,11,,,,,
DYouville College ,2016-2017,D3,73.44444444444444,9,,,,,
DYouville College ,2017-2018,D3,73.81818181818181,11,,,,,
DYouville College ,2018-2019,D3,73.61538461538461,13,,,,,
DYouville College ,2019-2020,D3,72.72727272727273,11,,,,,
Daemen College,2018-2019,D1,74.33333333333333,9,35.0,7.0,16.0,0.304,0.18604651162790697
Daemen College,2019-2020,D1,75.11764705882354,17,13.0,12.0,7.0,0.632,0.7111111111111111
Dean College,2016-2017,D3,68.55555555555556,10,,,,,
Dean College,2017-2018,D3,71.84615384615384,13,,,,,
Dean College,2018-2019,D3,72.0,11,,,,,
Dean College,2019-2020,D3,71.41666666666667,12,,,,,
Dominican University,2013-2014,D3,73.25,16,33.0,13.0,14.0,0.48100000000000004,0.4590163934426229
Dominican University,2014-2015,D3,74.25,16,27.0,15.0,11.0,0.5770000000000001,0.5909090909090908
Dominican University,2015-2016,D3,74.6,15,19.0,17.0,9.0,0.654,0.7361111111111112
Dominican University,2016-2017,D3,75.125,24,,,,,
Dominican University,2017-2018,D3,74.875,16,9.0,26.0,8.0,0.765,0.8941176470588236
Dominican University,2018-2019,D3,75.41176470588235,17,27.0,19.0,11.0,0.633,0.73
Dominican University,2019-2020,D3,75.33333333333333,18,3.0,13.0,2.0,0.867,0.9696969696969697
Eastern Mennonite University,2011-2012,D3,72.54545454545455,12,27.0,11.0,14.0,0.44,0.06896551724137934
Eastern Mennonite University,2012-2013,D3,75.6,10,26.0,14.0,13.0,0.519,0.0714285714285714
Eastern Mennonite University,2013-2014,D3,75.3,10,36.0,12.0,14.0,0.462,0.4098360655737705
Eastern Mennonite University,2014-2015,D3,73.8,15,25.0,14.0,10.0,0.583,0.6212121212121212
Eastern Mennonite University,2015-2016,D3,74.28571428571429,14,37.0,12.0,12.0,0.5,0.48611111111111116
Eastern Mennonite University,2016-2017,D3,73.38461538461539,13,17.0,22.0,11.0,0.667,0.782051282051282
Eastern Mennonite University,2017-2018,D3,72.93333333333334,15,30.0,21.0,13.0,0.618,0.6470588235294117
Eastern Mennonite University,2018-2019,D3,72.84615384615384,13,67.0,7.0,11.0,0.389,0.32999999999999996
Eastern Mennonite University,2018-2019,D3,72.84615384615384,13,88.0,4.0,19.0,0.174,0.12
Eastern Mennonite University,2019-2020,D3,72.72727272727273,11,34.0,9.0,5.0,0.643,0.6565656565656566
Eastern Mennonite University,2019-2020,D3,72.72727272727273,11,79.0,3.0,8.0,0.273,0.202020202020202
Eastern Nazarene College,2016-2017,D3,72.0,8,36.0,12.0,10.0,0.545,0.5384615384615384
Eastern Nazarene College,2017-2018,D3,72.61538461538461,13,42.0,14.0,12.0,0.5379999999999999,0.5058823529411764
Eastern Nazarene College,2018-2019,D3,73.0,11,48.0,15.0,16.0,0.484,0.52
Eastern Nazarene College,2019-2020,D3,73.11111111111111,9,52.0,9.0,9.0,0.5,0.4747474747474747
Eastern University,2018-2019,D3,73.125,8,,,,,
Eastern University,2019-2020,D3,74.11111111111111,9,,,,,
Elizabethtown College,2018-2019,D3,72.0909090909091,11,70.0,11.0,18.0,0.379,0.30000000000000004
Elizabethtown College,2019-2020,D3,72.91666666666667,12,38.0,14.0,9.0,0.609,0.6161616161616161
Elmira College,2012-2013,D3,74.0909090909091,12,21.0,20.0,16.0,0.556,0.25
Elmira College,2013-2014,D3,73.8,15,13.0,24.0,10.0,0.706,0.7868852459016393
Elmira College,2014-2015,D3,74.81818181818181,11,22.0,20.0,14.0,0.588,0.6666666666666667
Elmira College,2015-2016,D3,73.78571428571429,14,18.0,21.0,11.0,0.6559999999999999,0.75
Elmira College,2016-2017,D3,73.63636363636364,11,60.0,11.0,21.0,0.344,0.23076923076923073
Elmira College,2017-2018,D3,73.42857142857143,14,27.0,20.0,12.0,0.625,0.6823529411764706
Elmira College,2018-2019,D3,73.5,16,61.0,13.0,18.0,0.419,0.39
Elmira College,2019-2020,D3,74.2,15,81.0,5.0,15.0,0.25,0.18181818181818177
Elms Gaege,2010-2011,D3,,13,25.0,13.0,17.0,0.433,0.46808510638297873
Elms Gaege,2011-2012,D3,,14,9.0,20.0,8.0,0.7140000000000001,0.6896551724137931
Elms Gaege,2012-2013,D3,73.0,9,27.0,15.0,14.0,0.517,0.0357142857142857
Elms Gaege,2013-2014,D3,71.9090909090909,11,57.0,6.0,17.0,0.261,0.06557377049180324
Elms Gaege,2014-2015,D3,73.0,12,57.0,5.0,20.0,0.2,0.13636363636363635
Elms Gaege,2015-2016,D3,73.0,15,42.0,12.0,15.0,0.444,0.41666666666666663
Elms Gaege,2016-2017,D3,71.92307692307692,13,22.0,18.0,10.0,0.643,0.717948717948718
Elms Gaege,2017-2018,D3,71.71428571428571,14,12.0,20.0,7.0,0.741,0.8588235294117648
Elms Gaege,2018-2019,D3,71.23076923076923,13,,,,,
Elms Gaege,2019-2020,D3,72.0,13,47.0,11.0,9.0,0.55,0.5252525252525253
Emerson College,2010-2011,D3,73.8125,16,30.0,11.0,18.0,0.379,0.36170212765957444
Emerson College,2011-2012,D3,74.0,17,,,,,
Emerson College,2012-2013,D3,,12,,,,,
Emerson College,2013-2014,D3,,10,37.0,11.0,15.0,0.423,0.39344262295081966
Emerson College,2014-2015,D3,,9,35.0,13.0,13.0,0.5,0.4696969696969697
Emerson College,2015-2016,D3,,11,50.0,9.0,16.0,0.36,0.3055555555555556
Emerson College,2016-2017,D3,,10,39.0,13.0,13.0,0.5,0.5
Emerson College,2017-2018,D3,,13,47.0,11.0,12.0,0.478,0.44705882352941173
Emerson College,2018-2019,D3,,10,56.0,11.0,14.0,0.44,0.43999999999999995
Emerson College,2019-2020,D3,,11,63.0,5.0,7.0,0.41700000000000004,0.36363636363636365
Emmanuel College 1,2013-2014,D1,73.92307692307692,13,,,,,
Emmanuel College 1,2014-2015,D1,74.38461538461539,13,39.0,4.0,18.0,0.182,0.0714285714285714
Emmanuel College 1,2015-2016,D1,70.9090909090909,11,26.0,11.0,13.0,0.45799999999999996,0.38095238095238093
Emmanuel College 1,2016-2017,D1,72.36363636363636,11,36.0,7.0,19.0,0.26899999999999996,0.12195121951219512
Emmanuel College 1,2017-2018,D1,71.75,12,30.0,9.0,16.0,0.36,0.2857142857142857
Emmanuel College 1,2018-2019,D1,71.6,10,30.0,10.0,19.0,0.345,0.3023255813953488
Emmanuel College 1,2019-2020,D1,74.27272727272727,11,32.0,6.0,11.0,0.353,0.28888888888888886
Emmanuel College 3,2010-2011,D3,75.88888888888889,19,6.0,28.0,9.0,0.757,0.8723404255319149
Emmanuel College 3,2011-2012,D3,75.23076923076923,13,19.0,17.0,12.0,0.586,0.3448275862068966
Emmanuel College 3,2012-2013,D3,75.71428571428571,14,20.0,18.0,14.0,0.563,0.2857142857142857
Endicott College,2012-2013,D3,73.3125,16,10.0,22.0,10.0,0.688,0.6428571428571428
Endicott College,2013-2014,D3,73.52631578947368,19,23.0,19.0,13.0,0.594,0.6229508196721312
Endicott College,2014-2015,D3,73.53846153846153,13,23.0,17.0,12.0,0.586,0.6515151515151515
Endicott College,2015-2016,D3,74.125,16,25.0,17.0,11.0,0.607,0.6527777777777778
Endicott College,2016-2017,D3,73.94117647058823,17,20.0,21.0,11.0,0.6559999999999999,0.7435897435897436
Endicott College,2017-2018,D3,73.88235294117646,17,,,,,
Endicott College,2018-2019,D3,75.05555555555556,18,11.0,25.0,7.0,0.7809999999999999,0.89
Endicott College,2019-2020,D3,75.1,20,9.0,13.0,3.0,0.813,0.9090909090909091
Erskine College,2010-2011,D1,75.92307692307692,13,,,,,
Erskine College,2011-2012,D1,76.3125,16,,,,,
Erskine College,2012-2013,D1,73.13636363636364,22,22.0,13.0,16.0,0.44799999999999995,0.2142857142857143
Erskine College,2013-2014,D1,73.77777777777777,11,3.0,21.0,7.0,0.75,0.9230769230769231
Erskine College,2014-2015,D1,74.46153846153847,13,7.0,21.0,7.0,0.75,0.8333333333333334
Erskine College,2015-2016,D1,75.2,15,7.0,21.0,7.0,0.75,0.8333333333333334
Erskine College,2016-2017,D1,73.42857142857143,15,41.0,4.0,21.0,0.16,0.0
Erskine College,2017-2018,D1,73.8125,16,39.0,7.0,21.0,0.25,0.0714285714285714
Erskine College,2018-2019,D1,72.44444444444444,18,39.0,7.0,21.0,0.25,0.09302325581395354
Erskine College,2019-2020,D1,73.13636363636364,22,36.0,4.0,10.0,0.28600000000000003,0.19999999999999996
Fontbonne University,2010-2011,D3,74.83333333333333,12,,,,,
Fontbonne University,2011-2012,D3,75.5,12,,,,,
Fontbonne University,2012-2013,D3,71.0,9,,,,,
Fontbonne University,2013-2014,D3,70.9,10,42.0,8.0,13.0,0.381,0.3114754098360656
Fontbonne University,2014-2015,D3,71.0,11,58.0,5.0,22.0,0.185,0.12121212121212122
Fontbonne University,2015-2016,D3,74.83333333333333,12,23.0,17.0,10.0,0.63,0.6805555555555556
Fontbonne University,2016-2017,D3,74.91666666666667,12,33.0,15.0,11.0,0.5770000000000001,0.5769230769230769
Fontbonne University,2017-2018,D3,74.6,20,17.0,19.0,8.0,0.7040000000000001,0.8
Fontbonne University,2018-2019,D3,73.875,16,2.0,26.0,3.0,0.897,0.98
Fontbonne University,2019-2020,D3,73.6923076923077,13,73.0,5.0,11.0,0.313,0.26262626262626265
Geneva College,2018-2019,D3,73.5,12,23.0,20.0,9.0,0.69,0.77
Geneva College,2019-2020,D3,72.93333333333334,15,17.0,18.0,6.0,0.75,0.8282828282828283
George Mason University,2010-2011,D1,75.05555555555556,18,14.0,17.0,11.0,0.607,0.6
George Mason University,2011-2012,D1,75.61904761904762,21,23.0,13.0,17.0,0.433,0.23333333333333328
George Mason University,2012-2013,D1,76.8,20,15.0,15.0,12.0,0.556,0.4642857142857143
George Mason University,2013-2014,D1,75.53846153846153,13,22.0,14.0,14.0,0.5,0.4358974358974359
George Mason University,2014-2015,D1,76.63636363636364,11,17.0,15.0,13.0,0.536,0.5952380952380952
George Mason University,2015-2016,D1,75.625,16,17.0,18.0,12.0,0.6,0.5952380952380952
George Mason University,2016-2017,D1,75.88888888888889,18,22.0,13.0,14.0,0.48100000000000004,0.46341463414634143
George Mason University,2017-2018,D1,76.44444444444444,18,17.0,17.0,12.0,0.586,0.5952380952380952
George Mason University,2018-2019,D1,76.0,17,10.0,17.0,9.0,0.654,0.7674418604651163
George Mason University,2019-2020,D1,76.52941176470588,17,17.0,10.0,7.0,0.588,0.6222222222222222
Grand Canyon University,2011-2012,D1,69.0,3,20.0,15.0,17.0,0.469,0.33333333333333337
Grand Canyon University,2012-2013,D1,76.0909090909091,22,18.0,17.0,15.0,0.531,0.3571428571428571
Grand Canyon University,2013-2014,D1,76.33333333333333,21,23.0,14.0,18.0,0.43799999999999994,0.41025641025641024
Grand Canyon University,2014-2015,D1,75.8695652173913,23,29.0,14.0,17.0,0.452,0.30952380952380953
Grand Canyon University,2015-2016,D1,75.8,20,19.0,17.0,12.0,0.586,0.5476190476190477
Grand Canyon University,2016-2017,D1,76.0,20,12.0,19.0,11.0,0.633,0.7073170731707317
Grand Canyon University,2017-2018,D1,76.63636363636364,22,12.0,18.0,11.0,0.621,0.7142857142857143
Grand Canyon University,2018-2019,D1,77.65,20,26.0,13.0,16.0,0.44799999999999995,0.39534883720930236
Grand Canyon University,2019-2020,D1,77.63157894736842,19,10.0,14.0,7.0,0.667,0.7777777777777778
Greenville University,2016-2017,D3,74.25,12,61.0,8.0,16.0,0.33299999999999996,0.21794871794871795
Greenville University,2017-2018,D3,73.72727272727273,11,62.0,9.0,17.0,0.34600000000000003,0.2705882352941177
Greenville University,2018-2019,D3,72.93333333333334,15,57.0,10.0,13.0,0.435,0.43000000000000005
Greenville University,2019-2020,D3,72.6,15,,,,,
Harvard University,2010-2011,D1,71.28571428571429,14,26.0,9.0,13.0,0.409,0.2571428571428571
Harvard University,2011-2012,D1,73.29411764705883,17,8.0,18.0,6.0,0.75,0.7333333333333334
Harvard University,2012-2013,D1,75.57142857142857,14,10.0,18.0,9.0,0.667,0.6428571428571428
Harvard University,2013-2014,D1,75.3076923076923,13,11.0,15.0,8.0,0.652,0.717948717948718
Harvard University,2014-2015,D1,75.63636363636364,11,19.0,13.0,12.0,0.52,0.5476190476190477
Harvard University,2015-2016,D1,75.63636363636364,11,21.0,13.0,11.0,0.542,0.5
Harvard University,2016-2017,D1,75.6923076923077,13,26.0,10.0,13.0,0.435,0.36585365853658536
Harvard University,2017-2018,D1,76.35714285714286,14,23.0,13.0,14.0,0.48100000000000004,0.45238095238095233
Harvard University,2018-2019,D1,76.0,13,36.0,6.0,16.0,0.273,0.16279069767441856
Harvard University,2019-2020,D1,75.3125,16,15.0,9.0,6.0,0.6,0.6666666666666667
Hiram College,2017-2018,D3,73.6470588235294,17,77.0,6.0,24.0,0.2,0.09411764705882353
Hiram College,2018-2019,D3,74.0,15,83.0,7.0,23.0,0.233,0.17000000000000004
Hiram College,2019-2020,D3,74.07692307692308,13,52.0,9.0,9.0,0.5,0.4747474747474747
Hunter College,2013-2014,D3,73.14285714285714,14,28.0,17.0,15.0,0.531,0.540983606557377
Hunter College,2014-2015,D3,71.76923076923077,13,20.0,21.0,14.0,0.6,0.696969696969697
Hunter College,2015-2016,D3,72.0,11,14.0,24.0,10.0,0.706,0.8055555555555556
Hunter College,2015-2016,D3,72.0,11,72.0,28.0,7.0,0.8,0.0
Hunter College,2016-2017,D3,72.64285714285714,14,,,,,
Hunter College,2017-2018,D3,72.23529411764706,17,23.0,23.0,11.0,0.6759999999999999,0.7294117647058824
Hunter College,2018-2019,D3,73.5,14,34.0,20.0,13.0,0.606,0.6599999999999999
Hunter College,2019-2020,D3,73.0,15,31.0,13.0,7.0,0.65,0.6868686868686869
Illinois Institute of Technology,2015-2016,D3,70.18181818181819,13,,,,,
Illinois Institute of Technology,2016-2017,D3,71.0,13,,,,,
Illinois Institute of Technology,2017-2018,D3,72.9090909090909,12,,,,,
Illinois Institute of Technology,2018-2019,D3,74.36363636363636,11,80.0,6.0,19.0,0.24,0.19999999999999996
Illinois Institute of Technology,2019-2020,D3,71.66666666666667,18,95.0,2.0,11.0,0.154,0.04040404040404044
Immaculata University,2018-2019,D3,72.25,8,,,,,
Immaculata University,2019-2020,D3,72.44444444444444,10,91.0,2.0,10.0,0.16699999999999998,0.08080808080808077
John Jay College,2010-2011,D3,71.63636363636364,12,,,,,
John Jay College,2011-2012,D3,73.0,13,,,,,
John Jay College,2012-2013,D3,70.375,8,,,,,
John Jay College,2013-2014,D3,72.2,10,49.0,7.0,15.0,0.318,0.19672131147540983
John Jay College,2014-2015,D3,70.72727272727273,11,34.0,12.0,11.0,0.522,0.48484848484848486
John Jay College,2015-2016,D3,70.3,10,30.0,15.0,12.0,0.556,0.5833333333333333
John Jay College,2016-2017,D3,71.45454545454545,11,47.0,12.0,16.0,0.429,0.39743589743589747
John Jay College,2017-2018,D3,72.16666666666667,12,27.0,15.0,9.0,0.625,0.6823529411764706
John Jay College,2018-2019,D3,71.57142857142857,14,73.0,10.0,19.0,0.345,0.27
John Jay College,2019-2020,D3,71.53846153846153,13,71.0,6.0,11.0,0.353,0.2828282828282829
Johnson & Wales University,2011-2012,D3,75.05555555555556,18,22.0,17.0,17.0,0.5,0.24137931034482762
Johnson & Wales University,2012-2013,D3,74.06666666666666,15,,,,,
Johnson & Wales University,2013-2014,D3,73.38888888888889,18,18.0,18.0,11.0,0.621,0.7049180327868853
Johnson & Wales University,2014-2015,D3,71.55555555555556,18,15.0,20.0,11.0,0.645,0.7727272727272727
Johnson & Wales University,2015-2016,D3,71.8125,16,41.0,15.0,16.0,0.484,0.4305555555555556
Johnson & Wales University,2016-2017,D3,74.0,18,35.0,19.0,15.0,0.5589999999999999,0.5512820512820513
Johnson & Wales University,2017-2018,D3,74.3,20,40.0,18.0,15.0,0.545,0.5294117647058824
Johnson & Wales University,2018-2019,D3,74.38888888888889,18,24.0,21.0,11.0,0.6559999999999999,0.76
Johnson & Wales University,2019-2020,D3,73.8,20,58.0,9.0,11.0,0.45,0.41414141414141414
Juniata College,2010-2011,D3,73.1875,16,15.0,18.0,12.0,0.6,0.6808510638297872
Juniata College,2011-2012,D3,74.92307692307692,13,8.0,28.0,11.0,0.718,0.7241379310344828
Juniata College,2012-2013,D3,74.875,16,12.0,24.0,12.0,0.667,0.5714285714285714
Juniata College,2013-2014,D3,75.21052631578948,19,2.0,29.0,5.0,0.853,0.9672131147540983
Juniata College,2014-2015,D3,75.8125,16,3.0,24.0,5.0,0.828,0.9545454545454546
Juniata College,2015-2016,D3,75.0,17,47.0,10.0,16.0,0.385,0.3472222222222222
Juniata College,2016-2017,D3,74.9,20,17.0,22.0,11.0,0.667,0.782051282051282
Juniata College,2017-2018,D3,74.83333333333333,18,32.0,18.0,13.0,0.581,0.6235294117647059
Juniata College,2018-2019,D3,74.5625,16,19.0,23.0,9.0,0.7190000000000001,0.81
Juniata College,2019-2020,D3,74.3157894736842,19,28.0,13.0,6.0,0.684,0.7171717171717171
Kean University,2010-2011,D3,73.06666666666666,17,38.0,11.0,23.0,0.324,0.19148936170212771
Kean University,2011-2012,D3,72.17647058823529,17,10.0,25.0,11.0,0.6940000000000001,0.6551724137931034
Kean University,2012-2013,D3,72.66666666666667,16,6.0,26.0,8.0,0.765,0.7857142857142857
Kean University,2013-2014,D3,72.71428571428571,15,8.0,26.0,8.0,0.765,0.8688524590163934
Kean University,2014-2015,D3,74.84615384615384,15,,,,,
Kean University,2015-2016,D3,74.5625,16,5.0,31.0,7.0,0.816,0.9305555555555556
Kean University,2016-2017,D3,75.0,16,14.0,26.0,9.0,0.743,0.8205128205128205
Kean University,2017-2018,D3,74.33333333333333,18,,,,,
Kean University,2018-2019,D3,75.11111111111111,18,14.0,22.0,7.0,0.759,0.86
Kean University,2019-2020,D3,74.21428571428571,14,65.0,7.0,10.0,0.41200000000000003,0.3434343434343434
Keuka College,2013-2014,D3,73.0,15,43.0,9.0,15.0,0.375,0.29508196721311475
Keuka College,2014-2015,D3,73.125,16,16.0,16.0,9.0,0.64,0.7575757575757576
Keuka College,2015-2016,D3,73.17647058823529,17,35.0,14.0,12.0,0.5379999999999999,0.5138888888888888
Keuka College,2016-2017,D3,73.72727272727273,11,54.0,9.0,15.0,0.375,0.3076923076923077
Keuka College,2017-2018,D3,73.11764705882354,17,67.0,7.0,16.0,0.304,0.21176470588235297
Keuka College,2018-2019,D3,73.53333333333333,15,47.0,13.0,13.0,0.5,0.53
Keuka College,2019-2020,D3,74.2,15,56.0,7.0,8.0,0.467,0.43434343434343436
King University,2011-2012,D1,77.07692307692308,13,27.0,10.0,20.0,0.33299999999999996,0.09999999999999998
King University,2012-2013,D1,75.125,16,26.0,10.0,18.0,0.35700000000000004,0.0714285714285714
King University,2013-2014,D1,74.625,16,33.0,9.0,18.0,0.33299999999999996,0.15384615384615385
King University,2014-2015,D1,75.35714285714286,14,16.0,15.0,12.0,0.556,0.6190476190476191
King University,2015-2016,D1,75.25,16,37.0,8.0,24.0,0.25,0.11904761904761907
King University,2016-2017,D1,74.77777777777777,18,2.0,28.0,4.0,0.875,0.9512195121951219
King University,2017-2018,D1,74.36842105263158,19,3.0,23.0,6.0,0.7929999999999999,0.9285714285714286
King University,2018-2019,D1,74.33333333333333,21,9.0,20.0,10.0,0.667,0.7906976744186046
King University,2019-2020,D1,73.19047619047619,21,28.0,9.0,9.0,0.5,0.37777777777777777
Kings College,2018-2019,D3,71.81818181818181,11,,,,,
Kings College,2019-2020,D3,71.81818181818181,11,20.0,17.0,6.0,0.7390000000000001,0.797979797979798
Lakeland University,2010-2011,D3,74.46153846153847,13,,,,,
Lakeland University,2011-2012,D3,74.3076923076923,13,,,,,
Lakeland University,2012-2013,D3,71.6,15,,,,,
Lakeland University,2013-2014,D3,72.95,20,10.0,21.0,8.0,0.7240000000000001,0.8360655737704918
Lakeland University,2014-2015,D3,72.375,16,41.0,14.0,17.0,0.452,0.3787878787878788
Lakeland University,2015-2016,D3,72.0,19,19.0,17.0,9.0,0.654,0.7361111111111112
Lakeland University,2016-2017,D3,72.10526315789474,19,44.0,12.0,13.0,0.48,0.4358974358974359
Lakeland University,2017-2018,D3,72.625,16,66.0,9.0,20.0,0.31,0.22352941176470587
Lakeland University,2018-2019,D3,71.93333333333334,15,45.0,14.0,13.0,0.519,0.55
Lakeland University,2019-2020,D3,70.84615384615384,13,76.0,6.0,14.0,0.3,0.23232323232323238
Lancaster Bible College,2010-2011,D3,74.47368421052632,19,47.0,2.0,21.0,0.087,0.0
Lancaster Bible College,2011-2012,D3,74.06666666666666,15,,,,,
Lancaster Bible College,2012-2013,D3,71.75757575757575,66,28.0,16.0,16.0,0.5,0.0
Lancaster Bible College,2013-2014,D3,73.22222222222223,36,55.0,7.0,19.0,0.26899999999999996,0.09836065573770492
Lancaster Bible College,2014-2015,D3,72.83636363636364,55,65.0,1.0,26.0,0.037000000000000005,0.015151515151515138
Lancaster Bible College,2015-2016,D3,72.51515151515152,66,63.0,7.0,23.0,0.233,0.125
Lancaster Bible College,2016-2017,D3,73.83333333333333,12,16.0,25.0,9.0,0.735,0.7948717948717949
Lancaster Bible College,2017-2018,D3,74.26315789473684,19,6.0,24.0,5.0,0.828,0.9294117647058824
Lancaster Bible College,2018-2019,D3,73.76190476190476,22,8.0,26.0,5.0,0.8390000000000001,0.92
Lancaster Bible College,2019-2020,D3,73.86363636363636,22,4.0,17.0,3.0,0.85,0.9595959595959596
Lasell University,2015-2016,D3,73.28571428571429,7,31.0,16.0,13.0,0.552,0.5694444444444444
Lasell University,2017-2018,D3,73.61538461538461,13,69.0,9.0,21.0,0.3,0.18823529411764706
Lasell University,2018-2019,D3,73.6470588235294,17,59.0,13.0,17.0,0.433,0.41000000000000003
Lasell University,2019-2020,D3,73.92857142857143,14,57.0,10.0,12.0,0.455,0.4242424242424242
Lees-McRae College,2010-2011,D1,71.4,10,12.0,16.0,10.0,0.615,0.6571428571428571
Lees-McRae College,2011-2012,D1,72.28571428571429,7,16.0,11.0,10.0,0.524,0.4666666666666667
Lees-McRae College,2012-2013,D1,77.15384615384616,13,13.0,18.0,13.0,0.581,0.5357142857142857
Lees-McRae College,2013-2014,D1,75.2,15,24.0,12.0,16.0,0.429,0.3846153846153846
Lees-McRae College,2014-2015,D1,74.125,8,41.0,3.0,19.0,0.136,0.023809523809523836
Lees-McRae College,2015-2016,D1,74.3076923076923,13,42.0,1.0,24.0,0.04,0.0
Lees-McRae College,2016-2017,D1,74.0,13,29.0,10.0,17.0,0.37,0.29268292682926833
Lees-McRae College,2017-2018,D1,74.45454545454545,11,42.0,4.0,22.0,0.154,0.0
Lees-McRae College,2018-2019,D1,73.5,10,42.0,2.0,21.0,0.087,0.023255813953488413
Lees-McRae College,2019-2020,D1,73.58333333333333,12,43.0,3.0,12.0,0.2,0.0444444444444444
Lehman College,2017-2018,D3,71.83333333333333,12,51.0,15.0,18.0,0.455,0.4
Lehman College,2018-2019,D3,70.76923076923077,13,95.0,3.0,22.0,0.12,0.050000000000000044
Lehman College,2019-2020,D3,71.07142857142857,15,87.0,5.0,17.0,0.22699999999999998,0.12121212121212122
Lesley University,2011-2012,D3,72.4,15,,,,,
Lesley University,2012-2013,D3,72.0,13,,,,,
Lesley University,2013-2014,D3,70.8,10,,,,,
Lesley University,2014-2015,D3,71.72727272727273,11,64.0,1.0,20.0,0.048,0.030303030303030276
Lesley University,2015-2016,D3,72.2,10,72.0,0.0,18.0,0.0,0.0
Lesley University,2016-2017,D3,71.53846153846153,13,78.0,1.0,21.0,0.045,0.0
Lesley University,2017-2018,D3,71.0,11,,,,,
Lesley University,2018-2019,D3,74.33333333333333,14,96.0,2.0,15.0,0.11800000000000001,0.040000000000000036
Lesley University,2019-2020,D3,,8,,,,,
Lewis University,2014-2015,D1,77.21739130434783,23,2.0,27.0,4.0,0.871,0.9523809523809523
Lewis University,2015-2016,D1,77.57142857142857,21,18.0,19.0,13.0,0.594,0.5714285714285714
Lewis University,2016-2017,D1,78.0909090909091,22,7.0,23.0,7.0,0.767,0.8292682926829268
Lewis University,2017-2018,D1,77.6,20,11.0,19.0,11.0,0.633,0.7380952380952381
Lewis University,2018-2019,D1,77.29629629629629,27,4.0,26.0,6.0,0.813,0.9069767441860466
Lewis University,2019-2020,D1,77.625,24,6.0,15.0,4.0,0.789,0.8666666666666667
Limestone College,2010-2011,D1,75.0,15,9.0,15.0,8.0,0.652,0.7428571428571429
Limestone College,2011-2012,D1,75.6842105263158,21,13.0,14.0,11.0,0.56,0.5666666666666667
Limestone College,2012-2013,D1,74.64285714285714,14,19.0,15.0,14.0,0.517,0.3214285714285714
Limestone College,2013-2014,D1,75.2,10,18.0,16.0,12.0,0.5710000000000001,0.5384615384615384
Limestone College,2014-2015,D1,74.57142857142857,14,22.0,14.0,15.0,0.483,0.47619047619047616
Limestone College,2015-2016,D1,74.28571428571429,14,30.0,10.0,15.0,0.4,0.2857142857142857
Limestone College,2016-2017,D1,74.83333333333333,12,17.0,13.0,11.0,0.542,0.5853658536585367
Limestone College,2017-2018,D1,73.18181818181819,11,36.0,8.0,20.0,0.28600000000000003,0.1428571428571429
Limestone College,2018-2019,D1,73.58333333333333,12,20.0,14.0,13.0,0.519,0.5348837209302326
Limestone College,2019-2020,D1,75.64285714285714,14,9.0,13.0,5.0,0.722,0.8
Lincoln Memorial University,2016-2017,D1,75.5,10,29.0,10.0,17.0,0.37,0.29268292682926833
Lincoln Memorial University,2017-2018,D1,76.66666666666667,12,21.0,14.0,13.0,0.519,0.5
Lincoln Memorial University,2018-2019,D1,75.47058823529412,17,7.0,18.0,7.0,0.72,0.8372093023255813
Lincoln Memorial University,2019-2020,D1,75.85,20,7.0,14.0,4.0,0.778,0.8444444444444444
Lindenwood University,2010-2011,D1,76.82352941176471,18,,,,,
Lindenwood University,2011-2012,D1,77.8125,18,,,,,
Lindenwood University,2012-2013,D1,75.61111111111111,19,,,,,
Lindenwood University,2013-2014,D1,75.6842105263158,19,16.0,19.0,12.0,0.613,0.5897435897435898
Lindenwood University,2014-2015,D1,76.57894736842105,19,19.0,13.0,12.0,0.52,0.5476190476190477
Lindenwood University,2015-2016,D1,76.6875,16,38.0,5.0,17.0,0.22699999999999998,0.09523809523809523
Lindenwood University,2016-2017,D1,76.57894736842105,20,39.0,5.0,19.0,0.20800000000000002,0.04878048780487809
Lindenwood University,2017-2018,D1,76.5,18,30.0,9.0,16.0,0.36,0.2857142857142857
Lindenwood University,2018-2019,D1,77.0,17,33.0,9.0,19.0,0.321,0.2325581395348837
Lindenwood University,2019-2020,D1,77.15,20,21.0,11.0,8.0,0.579,0.5333333333333333
Long Beach State University,2011-2012,D1,73.54545454545455,14,18.0,15.0,15.0,0.5,0.4
Long Beach State University,2012-2013,D1,76.47368421052632,20,5.0,24.0,8.0,0.75,0.8214285714285714
Long Beach State University,2013-2014,D1,76.25,22,12.0,18.0,10.0,0.643,0.6923076923076923
Long Beach State University,2014-2015,D1,76.35,22,17.0,15.0,13.0,0.536,0.5952380952380952
Long Beach State University,2015-2016,D1,76.27272727272727,23,6.0,25.0,8.0,0.758,0.8571428571428572
Long Beach State University,2016-2017,D1,75.80952380952381,22,3.0,27.0,4.0,0.871,0.926829268292683
Long Beach State University,2017-2018,D1,,23,1.0,28.0,1.0,0.966,0.9761904761904762
Long Beach State University,2018-2019,D1,76.0,22,1.0,28.0,2.0,0.9329999999999999,0.9767441860465116
Long Beach State University,2019-2020,D1,76.05,20,3.0,10.0,1.0,0.909,0.9333333333333333
Loras College,2014-2015,D3,71.71428571428571,14,61.0,3.0,20.0,0.13,0.0757575757575758
Loras College,2015-2016,D3,73.04761904761905,21,47.0,10.0,16.0,0.385,0.3472222222222222
Loras College,2016-2017,D3,72.95238095238095,21,54.0,9.0,15.0,0.375,0.3076923076923077
Loras College,2019-2020,D3,73.25,20,45.0,9.0,7.0,0.563,0.5454545454545454
Loyola University,2016-2017,D1,76.6842105263158,19,16.0,16.0,12.0,0.5710000000000001,0.6097560975609756
Loyola University,2017-2018,D1,77.05882352941177,17,4.0,23.0,7.0,0.767,0.9047619047619048
Loyola University,2018-2019,D1,77.0,20,6.0,21.0,8.0,0.7240000000000001,0.8604651162790697
Loyola University,2019-2020,D1,77.05882352941177,17,31.0,7.0,11.0,0.389,0.3111111111111111
MIT,2010-2011,D3,76.65,20,2.0,29.0,7.0,0.8059999999999999,0.9574468085106383
MIT,2011-2012,D3,76.94444444444444,18,4.0,26.0,9.0,0.743,0.8620689655172413
MIT,2012-2013,D3,74.85714285714286,15,12.0,24.0,12.0,0.667,0.5714285714285714
MIT,2013-2014,D3,74.2,15,6.0,24.0,7.0,0.774,0.9016393442622951
MIT,2014-2015,D3,74.58333333333333,12,18.0,18.0,11.0,0.621,0.7272727272727273
MIT,2015-2016,D3,74.4,15,15.0,21.0,9.0,0.7,0.7916666666666666
MIT,2016-2017,D3,74.6875,16,17.0,20.0,10.0,0.667,0.782051282051282
MIT,2017-2018,D3,75.3076923076923,13,25.0,16.0,9.0,0.64,0.7058823529411764
MIT,2018-2019,D3,75.6875,16,19.0,23.0,9.0,0.7190000000000001,0.81
MIT,2019-2020,D3,75.3529411764706,17,11.0,17.0,4.0,0.81,0.8888888888888888
Maranatha Baptist University,2017-2018,D3,72.84615384615384,13,84.0,4.0,24.0,0.14300000000000002,0.0117647058823529
Maranatha Baptist University,2018-2019,D3,71.9090909090909,11,,,,,
Maranatha Baptist University,2019-2020,D3,72.85714285714286,14,68.0,9.0,14.0,0.391,0.31313131313131315
Marian University,2015-2016,D3,72.5,12,51.0,8.0,15.0,0.348,0.29166666666666663
Marian University,2016-2017,D3,72.46666666666667,15,59.0,9.0,17.0,0.34600000000000003,0.2435897435897436
Marian University,2017-2018,D3,72.52941176470588,17,48.0,13.0,15.0,0.46399999999999997,0.43529411764705883
Marian University,2018-2019,D3,72.28571428571429,21,64.0,10.0,15.0,0.4,0.36
Marian University,2019-2020,D3,73.4,15,69.0,6.0,10.0,0.375,0.303030303030303
Marymount University,2013-2014,D3,,8,50.0,9.0,20.0,0.31,0.180327868852459
Marymount University,2014-2015,D3,75.0,10,44.0,14.0,19.0,0.424,0.33333333333333337
Marymount University,2015-2016,D3,75.06666666666666,15,22.0,19.0,11.0,0.633,0.6944444444444444
Marymount University,2016-2017,D3,75.0625,16,21.0,19.0,10.0,0.655,0.7307692307692308
Marymount University,2017-2018,D3,74.93333333333334,15,10.0,22.0,7.0,0.759,0.8823529411764706
Marymount University,2018-2019,D3,73.53846153846153,13,50.0,14.0,15.0,0.483,0.5
Marymount University,2019-2020,D3,74.28571428571429,14,43.0,12.0,9.0,0.5710000000000001,0.5656565656565656
Mckendree University,2010-2011,D1,,8,,,,,
Mckendree University,2011-2012,D1,,8,,,,,
Mckendree University,2012-2013,D1,74.0,16,,,,,
Mckendree University,2013-2014,D1,75.06666666666666,15,35.0,8.0,23.0,0.258,0.10256410256410253
Mckendree University,2014-2015,D1,75.3157894736842,19,32.0,11.0,19.0,0.36700000000000005,0.23809523809523814
Mckendree University,2015-2016,D1,74.95238095238095,21,28.0,11.0,14.0,0.44,0.33333333333333337
Mckendree University,2016-2017,D1,76.4,20,31.0,11.0,19.0,0.36700000000000005,0.24390243902439024
Mckendree University,2017-2018,D1,76.26315789473684,19,28.0,11.0,15.0,0.423,0.33333333333333337
Mckendree University,2018-2019,D1,75.88888888888889,18,22.0,13.0,13.0,0.5,0.4883720930232558
Mckendree University,2019-2020,D1,76.11764705882354,17,17.0,10.0,7.0,0.588,0.6222222222222222
Medaille College,2012-2013,D3,74.0625,16,22.0,17.0,14.0,0.5479999999999999,0.2142857142857143
Medaille College,2013-2014,D3,74.33333333333333,9,16.0,17.0,9.0,0.654,0.7377049180327868
Medaille College,2014-2015,D3,74.53846153846153,13,28.0,19.0,14.0,0.5760000000000001,0.5757575757575757
Medaille College,2015-2016,D3,74.0,10,11.0,25.0,9.0,0.735,0.8472222222222222
Medaille College,2016-2017,D3,73.46666666666667,15,39.0,15.0,15.0,0.5,0.5
Medaille College,2017-2018,D3,73.125,16,74.0,7.0,22.0,0.24100000000000002,0.12941176470588234
Medaille College,2018-2019,D3,73.64285714285714,14,75.0,8.0,17.0,0.32,0.25
Medaille College,2019-2020,D3,73.0,13,58.0,9.0,11.0,0.45,0.41414141414141414
Medgar Evers College,2010-2011,D3,74.8125,16,43.0,4.0,22.0,0.154,0.08510638297872342
Medgar Evers College,2011-2012,D3,74.78571428571429,14,,,,,
Messiah College,2017-2018,D3,72.375,16,31.0,15.0,10.0,0.6,0.6352941176470588
Messiah College,2018-2019,D3,72.53333333333333,15,27.0,19.0,11.0,0.633,0.73
Messiah College,2019-2020,D3,73.25,16,22.0,12.0,5.0,0.706,0.7777777777777778
Millikin University,2018-2019,D3,72.23076923076923,13,,,,,
Millikin University,2019-2020,D3,72.23076923076923,13,91.0,3.0,15.0,0.16699999999999998,0.08080808080808077
Milwaukee School of Engineering,2013-2014,D3,73.91666666666667,13,61.0,4.0,19.0,0.174,0.0
Milwaukee School of Engineering,2014-2015,D3,73.9090909090909,23,23.0,17.0,12.0,0.586,0.6515151515151515
Milwaukee School of Engineering,2015-2016,D3,73.86666666666666,15,6.0,21.0,5.0,0.8079999999999999,0.9166666666666666
Milwaukee School of Engineering,2015-2016,D3,73.86666666666666,15,72.0,20.0,5.0,0.8,0.0
Milwaukee School of Engineering,2016-2017,D3,74.25,16,,,,,
Milwaukee School of Engineering,2017-2018,D3,74.8125,16,42.0,14.0,12.0,0.5379999999999999,0.5058823529411764
Milwaukee School of Engineering,2018-2019,D3,74.16666666666667,18,18.0,21.0,8.0,0.7240000000000001,0.8200000000000001
Milwaukee School of Engineering,2019-2020,D3,74.11111111111111,18,34.0,9.0,5.0,0.643,0.6565656565656566
Misericordia University,2017-2018,D3,72.77777777777777,9,53.0,13.0,17.0,0.433,0.3764705882352941
Misericordia University,2018-2019,D3,72.5,14,46.0,19.0,18.0,0.514,0.54
Misericordia University,2019-2020,D3,72.3076923076923,13,42.0,13.0,9.0,0.591,0.5757575757575757
Mt. St. Joseph University,2013-2014,D3,74.0,10,24.0,16.0,11.0,0.593,0.6065573770491803
Mt. St. Joseph University,2014-2015,D3,73.88888888888889,18,13.0,19.0,9.0,0.679,0.803030303030303
Mt. St. Joseph University,2015-2016,D3,74.93333333333334,15,16.0,18.0,8.0,0.6920000000000001,0.7777777777777778
Mt. St. Joseph University,2016-2017,D3,74.6875,16,11.0,21.0,7.0,0.75,0.858974358974359
Mt. St. Joseph University,2017-2018,D3,74.46666666666667,15,20.0,17.0,8.0,0.68,0.7647058823529411
Mt. St. Joseph University,2018-2019,D3,73.5,12,72.0,9.0,17.0,0.34600000000000003,0.28
Mt. St. Joseph University,2019-2020,D3,71.58333333333333,12,39.0,9.0,6.0,0.6,0.6060606060606061
NJIT,2010-2011,D1,76.25,20,32.0,7.0,21.0,0.25,0.08571428571428574
NJIT,2011-2012,D1,75.75,20,24.0,12.0,17.0,0.414,0.19999999999999996
NJIT,2012-2013,D1,74.22222222222223,19,,,,,
NJIT,2013-2014,D1,74.85714285714286,14,29.0,10.0,17.0,0.37,0.2564102564102564
NJIT,2014-2015,D1,74.6,15,27.0,11.0,13.0,0.45799999999999996,0.3571428571428571
NJIT,2015-2016,D1,74.53846153846153,13,34.0,8.0,18.0,0.308,0.19047619047619047
NJIT,2016-2017,D1,75.25,16,19.0,13.0,13.0,0.5,0.5365853658536586
NJIT,2017-2018,D1,74.70588235294117,17,32.0,9.0,17.0,0.34600000000000003,0.23809523809523814
NJIT,2018-2019,D1,75.16666666666667,18,28.0,10.0,14.0,0.41700000000000004,0.34883720930232553
NJIT,2019-2020,D1,75.84210526315789,19,12.0,9.0,5.0,0.643,0.7333333333333334
NYU,2010-2011,D3,75.11111111111111,9,7.0,19.0,9.0,0.679,0.851063829787234
NYU,2011-2012,D3,74.42857142857143,14,11.0,20.0,9.0,0.69,0.6206896551724138
NYU,2012-2013,D3,,8,28.0,13.0,13.0,0.5,0.0
NYU,2013-2014,D3,74.3,20,18.0,18.0,11.0,0.621,0.7049180327868853
NYU,2014-2015,D3,74.04761904761905,21,19.0,17.0,11.0,0.607,0.7121212121212122
NYU,2015-2016,D3,74.38888888888889,18,37.0,14.0,14.0,0.5,0.48611111111111116
NYU,2016-2017,D3,74.8125,16,22.0,18.0,10.0,0.643,0.717948717948718
NYU,2017-2018,D3,74.3076923076923,13,25.0,16.0,9.0,0.64,0.7058823529411764
NYU,2018-2019,D3,75.15789473684211,19,42.0,13.0,11.0,0.542,0.5800000000000001
NYU,2019-2020,D3,74.80952380952381,21,9.0,13.0,3.0,0.813,0.9090909090909091
Nazareth College,2010-2011,D3,70.5,10,1.0,31.0,3.0,0.912,0.9787234042553191
Nazareth College,2011-2012,D3,71.25,12,3.0,27.0,9.0,0.75,0.896551724137931
Nazareth College,2012-2013,D3,75.33333333333333,18,1.0,36.0,2.0,0.9470000000000001,0.9642857142857143
Nazareth College,2013-2014,D3,75.94736842105263,19,20.0,15.0,10.0,0.6,0.6721311475409837
Nazareth College,2014-2015,D3,75.9375,16,6.0,28.0,7.0,0.8,0.9090909090909091
Nazareth College,2015-2016,D3,75.26315789473684,19,10.0,26.0,9.0,0.743,0.8611111111111112
Nazareth College,2016-2017,D3,74.42857142857143,14,27.0,21.0,13.0,0.618,0.6538461538461539
Nazareth College,2017-2018,D3,74.93333333333334,15,33.0,17.0,13.0,0.5670000000000001,0.611764705882353
Nazareth College,2018-2019,D3,75.0909090909091,11,37.0,15.0,11.0,0.5770000000000001,0.63
Nazareth College,2019-2020,D3,74.2,15,61.0,10.0,13.0,0.435,0.38383838383838387
Neuman University,2017-2018,D3,71.625,8,,,,,
Neuman University,2018-2019,D3,72.18181818181819,11,94.0,3.0,20.0,0.13,0.06000000000000005
Neuman University,2019-2020,D3,72.54545454545455,11,89.0,4.0,16.0,0.2,0.101010101010101
New Jersey City University,2010-2011,D3,74.07142857142857,14,27.0,13.0,18.0,0.419,0.42553191489361697
New Jersey City University,2011-2012,D3,73.77777777777777,18,24.0,14.0,17.0,0.452,0.1724137931034483
New Jersey City University,2012-2013,D3,71.57142857142857,14,24.0,19.0,17.0,0.528,0.1428571428571429
New Jersey City University,2013-2014,D3,71.27272727272727,11,39.0,12.0,18.0,0.4,0.360655737704918
New Jersey City University,2014-2015,D3,72.86666666666666,15,32.0,17.0,15.0,0.531,0.5151515151515151
New Jersey City University,2015-2016,D3,73.5,12,36.0,19.0,18.0,0.514,0.5
New Jersey City University,2016-2017,D3,72.22222222222223,9,52.0,11.0,17.0,0.39299999999999996,0.33333333333333337
New Jersey City University,2017-2018,D3,71.92307692307692,13,58.0,10.0,16.0,0.385,0.3176470588235294
New Jersey City University,2018-2019,D3,72.14285714285714,14,44.0,13.0,12.0,0.52,0.56
New Jersey City University,2019-2020,D3,73.26315789473684,19,52.0,8.0,8.0,0.5,0.4747474747474747
Nichols College,2018-2019,D3,72.72727272727273,11,30.0,17.0,10.0,0.63,0.7
Nichols College,2019-2020,D3,72.6,15,21.0,13.0,5.0,0.722,0.7878787878787878
North Central College,2015-2016,D3,74.42857142857143,21,52.0,8.0,16.0,0.33299999999999996,0.2777777777777778
North Central College,2017-2018,D3,74.0,25,20.0,17.0,8.0,0.68,0.7647058823529411
North Central College,2018-2019,D3,73.35,20,35.0,16.0,11.0,0.593,0.65
North Central College,2019-2020,D3,74.0,16,29.0,12.0,6.0,0.667,0.7070707070707071
North Park University,2017-2018,D3,71.8,9,,,,,
North Park University,2019-2020,D3,71.8,9,77.0,5.0,13.0,0.278,0.2222222222222222
Northern Vermont University,2018-2019,D3,72.1,10,100.0,1.0,17.0,0.055999999999999994,0.0
Northern Vermont University,2019-2020,D3,71.71428571428571,14,85.0,3.0,10.0,0.231,0.14141414141414144
Ohio State University,2012-2013,D1,73.125,16,7.0,19.0,8.0,0.7040000000000001,0.75
Olivet College,2014-2015,D3,71.3076923076923,13,,,,,
Olivet College,2015-2016,D3,73.125,8,70.0,2.0,19.0,0.095,0.02777777777777779
Olivet College,2016-2017,D3,73.5,10,75.0,3.0,21.0,0.125,0.038461538461538436
Olivet College,2017-2018,D3,73.54545454545455,11,73.0,6.0,17.0,0.261,0.14117647058823535
Olivet College,2018-2019,D3,72.9,10,91.0,3.0,17.0,0.15,0.08999999999999997
Olivet College,2019-2020,D3,72.77777777777777,9,99.0,1.0,14.0,0.067,0.0
Penn State University,2014-2015,D1,77.5625,17,10.0,21.0,10.0,0.677,0.7619047619047619
Penn State University,2015-2016,D1,78.0,17,12.0,19.0,10.0,0.655,0.7142857142857143
Penn State University,2019-2020,D1,77.2,20,21.0,11.0,8.0,0.579,0.5333333333333333
Penn State University Atloona,2016-2017,D3,72.35714285714286,14,9.0,26.0,7.0,0.7879999999999999,0.8846153846153846
Penn State University Atloona,2017-2018,D3,72.92307692307692,13,39.0,16.0,13.0,0.552,0.5411764705882354
Penn State University Atloona,2018-2019,D3,73.22222222222223,18,53.0,13.0,15.0,0.46399999999999997,0.47
Penn State University Atloona,2019-2020,D3,73.86666666666666,15,62.0,8.0,11.0,0.42100000000000004,0.3737373737373737
Penn State University Behrend,2010-2011,D3,70.71428571428571,7,,,,,
Penn State University Behrend,2011-2012,D3,70.45454545454545,11,,,,,
Penn State University Behrend,2012-2013,D3,73.78571428571429,14,28.0,15.0,15.0,0.5,0.0
Penn State University Behrend,2013-2014,D3,73.29411764705883,17,20.0,15.0,10.0,0.6,0.6721311475409837
Penn State University Behrend,2014-2015,D3,72.33333333333333,15,38.0,13.0,14.0,0.48100000000000004,0.4242424242424242
Penn State University Behrend,2015-2016,D3,73.33333333333333,12,55.0,8.0,18.0,0.308,0.23611111111111116
Penn State University Behrend,2016-2017,D3,72.6,15,39.0,13.0,13.0,0.5,0.5
Penn State University Behrend,2017-2018,D3,72.61538461538461,13,36.0,14.0,11.0,0.56,0.5764705882352941
Penn State University Behrend,2018-2019,D3,73.25,16,40.0,16.0,13.0,0.552,0.6
Penn State University Behrend,2019-2020,D3,73.23076923076923,13,32.0,11.0,6.0,0.647,0.6767676767676767
Pepperdine University,2010-2011,D1,74.28571428571429,14,25.0,11.0,15.0,0.423,0.2857142857142857
Pepperdine University,2011-2012,D1,73.78571428571429,14,19.0,14.0,15.0,0.483,0.3666666666666667
Pepperdine University,2012-2013,D1,76.29411764705883,17,16.0,14.0,12.0,0.5379999999999999,0.4285714285714286
Pepperdine University,2013-2014,D1,76.44444444444444,18,7.0,19.0,7.0,0.731,0.8205128205128205
Pepperdine University,2014-2015,D1,,18,5.0,24.0,6.0,0.8,0.8809523809523809
Pepperdine University,2015-2016,D1,76.4,20,21.0,13.0,11.0,0.542,0.5
Pepperdine University,2016-2017,D1,76.17391304347827,23,24.0,10.0,12.0,0.455,0.41463414634146345
Pepperdine University,2017-2018,D1,76.0,21,10.0,15.0,8.0,0.652,0.7619047619047619
Pepperdine University,2018-2019,D1,76.75,24,5.0,23.0,7.0,0.767,0.8837209302325582
Pepperdine University,2019-2020,D1,76.47619047619048,21,24.0,8.0,6.0,0.5710000000000001,0.4666666666666667
Pratt Institute,2013-2014,D3,72.0909090909091,12,,,,,
Pratt Institute,2014-2015,D3,72.125,9,,,,,
Pratt Institute,2015-2016,D3,71.5,11,,,,,
Pratt Institute,2016-2017,D3,71.77777777777777,11,,,,,
Pratt Institute,2017-2018,D3,72.0,9,,,,,
Pratt Institute,2018-2019,D3,72.1,10,,,,,
Pratt Institute,2019-2020,D3,73.63636363636364,11,,,,,
Princeton University,2010-2011,D1,75.9,21,35.0,3.0,19.0,0.136,0.0
Princeton University,2011-2012,D1,76.42307692307692,26,12.0,13.0,10.0,0.565,0.6
Princeton University,2012-2013,D1,74.66666666666667,15,14.0,13.0,10.0,0.565,0.5
Princeton University,2013-2014,D1,75.33333333333333,18,15.0,16.0,10.0,0.615,0.6153846153846154
Princeton University,2014-2015,D1,76.0625,16,27.0,11.0,13.0,0.45799999999999996,0.3571428571428571
Princeton University,2015-2016,D1,76.86666666666666,15,39.0,4.0,18.0,0.182,0.0714285714285714
Princeton University,2016-2017,D1,77.76923076923077,13,23.0,12.0,14.0,0.462,0.4390243902439024
Princeton University,2017-2018,D1,76.375,16,26.0,12.0,16.0,0.429,0.38095238095238093
Princeton University,2018-2019,D1,76.83333333333333,18,15.0,18.0,13.0,0.581,0.6511627906976745
Princeton University,2019-2020,D1,76.29411764705883,17,15.0,9.0,6.0,0.6,0.6666666666666667
Purchase College,2010-2011,D3,73.3,10,45.0,2.0,14.0,0.125,0.04255319148936165
Purchase College,2011-2012,D3,73.14285714285714,14,,,,,
Purchase College,2012-2013,D3,74.3125,16,,,,,
Purchase College,2013-2014,D3,72.42857142857143,7,46.0,7.0,13.0,0.35,0.24590163934426235
Purchase College,2014-2015,D3,71.75,8,48.0,10.0,17.0,0.37,0.2727272727272727
Purchase College,2015-2016,D3,71.55555555555556,9,44.0,12.0,17.0,0.414,0.38888888888888884
Purchase College,2016-2017,D3,71.6,10,28.0,14.0,9.0,0.609,0.641025641025641
Purchase College,2017-2018,D3,71.0,9,61.0,9.0,16.0,0.36,0.2823529411764706
Purchase College,2018-2019,D3,73.3,10,54.0,13.0,16.0,0.44799999999999995,0.45999999999999996
Purchase College,2019-2020,D3,71.18181818181819,11,67.0,6.0,9.0,0.4,0.3232323232323232
Purdue University,2010-2011,D1,74.65384615384616,26,18.0,16.0,12.0,0.5710000000000001,0.48571428571428577
Purdue University,2011-2012,D1,74.64,26,21.0,13.0,15.0,0.46399999999999997,0.30000000000000004
Purdue University,2012-2013,D1,76.19047619047619,21,20.0,13.0,13.0,0.5,0.2857142857142857
Purdue University,2013-2014,D1,75.72222222222223,18,3.0,21.0,7.0,0.75,0.9230769230769231
Purdue University,2014-2015,D1,76.21052631578948,19,13.0,18.0,12.0,0.6,0.6904761904761905
Purdue University,2015-2016,D1,75.84210526315789,19,32.0,10.0,19.0,0.345,0.23809523809523814
Purdue University,2016-2017,D1,76.23529411764706,17,40.0,5.0,23.0,0.179,0.024390243902439046
Purdue University,2017-2018,D1,75.6923076923077,13,12.0,18.0,11.0,0.621,0.7142857142857143
Purdue University,2018-2019,D1,76.11764705882354,17,14.0,17.0,12.0,0.586,0.6744186046511628
Purdue University,2019-2020,D1,76.33333333333333,15,17.0,10.0,7.0,0.588,0.6222222222222222
Queens University,2017-2018,D1,74.23076923076923,13,38.0,8.0,21.0,0.276,0.09523809523809523
Queens University,2018-2019,D1,74.66666666666667,18,30.0,10.0,19.0,0.345,0.3023255813953488
Queens University,2019-2020,D1,75.05882352941177,17,30.0,6.0,9.0,0.4,0.33333333333333337
Quincy University,2010-2011,D1,74.26666666666667,15,13.0,22.0,14.0,0.611,0.6285714285714286
Quincy University,2011-2012,D1,74.4375,16,17.0,16.0,15.0,0.516,0.43333333333333335
Quincy University,2012-2013,D1,74.78947368421052,19,28.0,10.0,21.0,0.32299999999999995,0.0
Quincy University,2013-2014,D1,75.15,20,28.0,13.0,19.0,0.406,0.28205128205128205
Quincy University,2014-2015,D1,74.9047619047619,22,25.0,13.0,15.0,0.46399999999999997,0.40476190476190477
Quincy University,2015-2016,D1,75.06451612903226,31,27.0,18.0,22.0,0.45,0.3571428571428571
Quincy University,2016-2017,D1,74.68181818181819,22,38.0,7.0,22.0,0.24100000000000002,0.07317073170731703
Quincy University,2017-2018,D1,75.5,18,29.0,12.0,18.0,0.4,0.30952380952380953
Quincy University,2018-2019,D1,75.9375,16,41.0,5.0,23.0,0.179,0.046511627906976716
Quincy University,2019-2020,D1,76.16666666666667,18,37.0,5.0,13.0,0.278,0.1777777777777778
Ramapo College,2010-2011,D3,75.8,10,18.0,18.0,13.0,0.581,0.6170212765957447
Ramapo College,2011-2012,D3,75.125,8,17.0,21.0,13.0,0.618,0.4137931034482759
Ramapo College,2012-2013,D3,74.5,10,16.0,20.0,12.0,0.625,0.4285714285714286
Ramapo College,2013-2014,D3,75.26666666666667,15,14.0,25.0,11.0,0.6940000000000001,0.7704918032786885
Ramapo College,2014-2015,D3,74.92857142857143,14,33.0,19.0,17.0,0.528,0.5
Ramapo College,2015-2016,D3,73.0,9,33.0,19.0,16.0,0.5429999999999999,0.5416666666666667
Ramapo College,2016-2017,D3,73.21428571428571,14,30.0,18.0,12.0,0.6,0.6153846153846154
Ramapo College,2017-2018,D3,73.0,15,71.0,8.0,21.0,0.276,0.16470588235294115
Ramapo College,2018-2019,D3,73.75,16,48.0,15.0,16.0,0.484,0.52
Ramapo College,2019-2020,D3,73.8125,16,36.0,14.0,8.0,0.636,0.6363636363636364
Randolph-Macon College,2018-2019,D3,74.08333333333333,12,60.0,11.0,15.0,0.423,0.4
Randolph-Macon College,2019-2020,D3,73.73333333333333,16,77.0,5.0,13.0,0.278,0.2222222222222222
Regis College,2010-2011,D3,71.5625,16,,,,,
Regis College,2011-2012,D3,74.375,16,,,,,
Regis College,2012-2013,D3,71.11111111111111,9,,,,,
Regis College,2013-2014,D3,70.71428571428571,9,30.0,12.0,11.0,0.522,0.5081967213114754
Regis College,2014-2015,D3,73.08333333333333,14,43.0,12.0,16.0,0.429,0.3484848484848485
Regis College,2015-2016,D3,71.9375,16,37.0,12.0,12.0,0.5,0.48611111111111116
Regis College,2016-2017,D3,72.75,12,39.0,14.0,14.0,0.5,0.5
Regis College,2017-2018,D3,71.71428571428571,14,63.0,8.0,16.0,0.33299999999999996,0.2588235294117647
Regis College,2018-2019,D3,71.4375,16,64.0,10.0,15.0,0.4,0.36
Regis College,2019-2020,D3,70.71428571428571,14,80.0,4.0,11.0,0.267,0.19191919191919193
Rivier University,2010-2011,D3,74.6842105263158,19,4.0,33.0,9.0,0.7859999999999999,0.9148936170212766
Rivier University,2011-2012,D3,75.0,20,4.0,26.0,9.0,0.743,0.8620689655172413
Rivier University,2012-2013,D3,74.94444444444444,18,9.0,27.0,12.0,0.6920000000000001,0.6785714285714286
Rivier University,2013-2014,D3,73.94736842105263,19,3.0,29.0,7.0,0.8059999999999999,0.9508196721311475
Rivier University,2014-2015,D3,74.21428571428571,14,13.0,19.0,9.0,0.679,0.803030303030303
Rivier University,2015-2016,D3,73.53846153846153,13,17.0,22.0,11.0,0.667,0.7638888888888888
Rivier University,2016-2017,D3,74.93333333333334,15,29.0,20.0,13.0,0.606,0.6282051282051282
Rivier University,2017-2018,D3,74.88235294117646,17,,,,,
Rivier University,2018-2019,D3,74.3529411764706,17,13.0,26.0,8.0,0.765,0.87
Rivier University,2019-2020,D3,73.9375,16,17.0,12.0,4.0,0.75,0.8282828282828283
Rockford University,2019-2020,D3,72.6,10,99.0,1.0,14.0,0.067,0.0
Rosemont College,2018-2019,D3,71.875,9,,,,,
Rosemont College,2019-2020,D3,71.875,9,,,,,
Rutgers University,2010-2011,D3,75.20833333333333,24,17.0,17.0,12.0,0.586,0.6382978723404256
Rutgers University,2011-2012,D3,76.0952380952381,24,25.0,10.0,15.0,0.4,0.13793103448275867
Rutgers University,2012-2013,D3,71.8,5,,,,,
Rutgers University,2013-2014,D3,72.33333333333333,15,32.0,9.0,17.0,0.34600000000000003,0.47540983606557374
Rutgers University,2014-2015,D3,73.58823529411765,17,12.0,22.0,10.0,0.688,0.8181818181818181
Rutgers University,2015-2016,D3,73.22222222222223,18,4.0,24.0,4.0,0.857,0.9444444444444444
Rutgers University,2016-2017,D3,73.0,15,50.0,12.0,17.0,0.414,0.3589743589743589
Rutgers University,2017-2018,D3,73.375,19,22.0,19.0,9.0,0.679,0.7411764705882353
Rutgers University,2018-2019,D3,73.14285714285714,18,33.0,16.0,10.0,0.615,0.6699999999999999
Rutgers University,2019-2020,D3,74.07142857142857,14,1.0,17.0,1.0,0.9440000000000001,0.98989898989899
SUNY POLY,2012-2013,D3,72.0909090909091,11,,,,,
SUNY POLY,2013-2014,D3,72.66666666666667,12,5.0,18.0,5.0,0.7829999999999999,0.9180327868852459
SUNY POLY,2014-2015,D3,73.0,12,30.0,15.0,13.0,0.536,0.5454545454545454
SUNY POLY,2015-2016,D3,73.66666666666667,9,21.0,20.0,11.0,0.645,0.7083333333333333
SUNY POLY,2016-2017,D3,74.46153846153847,13,43.0,16.0,17.0,0.485,0.4487179487179487
SUNY POLY,2017-2018,D3,73.82352941176471,17,48.0,13.0,15.0,0.46399999999999997,0.43529411764705883
SUNY POLY,2018-2019,D3,73.46153846153847,13,40.0,16.0,13.0,0.552,0.6
SUNY POLY,2019-2020,D3,72.35714285714286,14,73.0,5.0,11.0,0.313,0.26262626262626265
Sacred Heart University,2012-2013,D1,76.94736842105263,19,,,,,
Sacred Heart University,2013-2014,D1,75.4,20,31.0,10.0,18.0,0.35700000000000004,0.20512820512820518
Sacred Heart University,2014-2015,D1,74.77777777777777,18,24.0,12.0,13.0,0.48,0.4285714285714286
Sacred Heart University,2015-2016,D1,75.1875,16,35.0,7.0,17.0,0.292,0.16666666666666663
Sacred Heart University,2016-2017,D1,74.55555555555556,19,15.0,15.0,11.0,0.5770000000000001,0.6341463414634146
Sacred Heart University,2017-2018,D1,74.6470588235294,17,34.0,7.0,15.0,0.318,0.19047619047619047
Sacred Heart University,2018-2019,D1,75.22222222222223,18,40.0,5.0,16.0,0.23800000000000002,0.06976744186046513
Sacred Heart University,2019-2020,D1,74.21428571428571,14,35.0,5.0,11.0,0.313,0.2222222222222222
Saint Vincent College,2018-2019,D3,73.54545454545455,11,,,,,
Saint Vincent College,2019-2020,D3,73.54545454545455,11,,,,,
Sarah Lawrence College,2010-2011,D3,75.95238095238095,21,,,,,
Sarah Lawrence College,2011-2012,D3,76.2,20,,,,,
Sarah Lawrence College,2012-2013,D3,72.15384615384616,14,,,,,
Sarah Lawrence College,2013-2014,D3,71.84615384615384,13,,,,,
Sarah Lawrence College,2014-2015,D3,71.8,10,,,,,
Sarah Lawrence College,2015-2016,D3,73.66666666666667,9,72.0,0.0,22.0,0.0,0.0
Sarah Lawrence College,2016-2017,D3,71.63636363636364,11,78.0,1.0,21.0,0.045,0.0
Sarah Lawrence College,2017-2018,D3,71.14285714285714,7,,,,,
Sarah Lawrence College,2018-2019,D3,72.28571428571429,7,87.0,4.0,17.0,0.19,0.13
Sarah Lawrence College,2019-2020,D3,70.11111111111111,9,97.0,2.0,18.0,0.1,0.02020202020202022
Southern Virginia University,2016-2017,D3,75.25,13,11.0,18.0,6.0,0.75,0.858974358974359
Southern Virginia University,2017-2018,D3,74.8125,16,29.0,13.0,8.0,0.619,0.6588235294117647
Southern Virginia University,2018-2019,D3,75.25,16,7.0,22.0,4.0,0.846,0.9299999999999999
Southern Virginia University,2019-2020,D3,75.9375,16,14.0,11.0,3.0,0.7859999999999999,0.8585858585858586
Springfield College,2010-2011,D3,70.11111111111111,9,20.0,18.0,15.0,0.545,0.574468085106383
Springfield College,2011-2012,D3,70.33333333333333,9,1.0,33.0,5.0,0.868,0.9655172413793104
Springfield College,2012-2013,D3,74.45,20,2.0,32.0,3.0,0.914,0.9285714285714286
Springfield College,2013-2014,D3,74.95,20,4.0,27.0,7.0,0.794,0.9344262295081968
Springfield College,2014-2015,D3,74.6,20,8.0,25.0,7.0,0.7809999999999999,0.8787878787878788
Springfield College,2015-2016,D3,75.72222222222223,18,3.0,28.0,4.0,0.875,0.9583333333333334
Springfield College,2016-2017,D3,75.16666666666667,18,,,,,
Springfield College,2017-2018,D3,75.0,17,1.0,31.0,2.0,0.9390000000000001,0.9882352941176471
Springfield College,2018-2019,D3,74.22222222222223,18,1.0,27.0,3.0,0.9,0.99
Springfield College,2019-2020,D3,74.0625,16,2.0,19.0,2.0,0.905,0.9797979797979798
St Francis University,2011-2012,D1,,8,22.0,12.0,15.0,0.444,0.2666666666666667
St Francis University,2012-2013,D1,75.63636363636364,22,23.0,12.0,15.0,0.444,0.1785714285714286
St Francis University,2013-2014,D1,75.84,25,25.0,11.0,15.0,0.423,0.3589743589743589
St Francis University,2014-2015,D1,75.77272727272727,22,37.0,6.0,20.0,0.231,0.11904761904761907
St Francis University,2015-2016,D1,75.28,25,12.0,19.0,10.0,0.655,0.7142857142857143
St Francis University,2016-2017,D1,75.75,25,18.0,16.0,15.0,0.516,0.5609756097560976
St Francis University,2017-2018,D1,75.27777777777777,19,35.0,9.0,20.0,0.31,0.16666666666666663
St Francis University,2018-2019,D1,76.3125,19,21.0,15.0,14.0,0.517,0.5116279069767442
St Francis University,2019-2020,D1,75.9090909090909,24,37.0,5.0,13.0,0.278,0.1777777777777778
St Josephs College-Brooklyn,2010-2011,D3,73.72727272727273,11,,,,,
St Josephs College-Brooklyn,2011-2012,D3,71.81818181818181,11,,,,,
St Josephs College-Brooklyn,2012-2013,D3,70.75,8,,,,,
St Josephs College-Brooklyn,2013-2014,D3,70.5,8,39.0,8.0,12.0,0.4,0.360655737704918
St Josephs College-Brooklyn,2014-2015,D3,71.25,8,35.0,10.0,10.0,0.5,0.4696969696969697
St Josephs College-Brooklyn,2015-2016,D3,71.25,8,64.0,5.0,17.0,0.22699999999999998,0.11111111111111116
St Josephs College-Brooklyn,2016-2017,D3,69.22222222222223,9,77.0,2.0,25.0,0.07400000000000001,0.012820512820512775
St Josephs College-Brooklyn,2017-2018,D3,71.77777777777777,9,82.0,3.0,16.0,0.158,0.03529411764705881
St Josephs College-Brooklyn,2018-2019,D3,71.2,10,80.0,6.0,19.0,0.24,0.19999999999999996
St Josephs College-Brooklyn,2019-2020,D3,71.76923076923077,13,75.0,4.0,9.0,0.308,0.24242424242424243
St. Francis College,2018-2019,D1,74.81818181818181,11,,,,,
St. Francis College,2019-2020,D1,74.81818181818181,11,34.0,5.0,10.0,0.33299999999999996,0.24444444444444446
St. John Fisher College,2017-2018,D3,72.17647058823529,17,52.0,13.0,16.0,0.44799999999999995,0.388235294117647
St. John Fisher College,2018-2019,D3,73.3529411764706,17,31.0,21.0,13.0,0.618,0.69
St. John Fisher College,2019-2020,D3,73.8125,16,13.0,15.0,4.0,0.789,0.8686868686868687
St. Josephs College-Long Island ,2016-2017,D3,72.27272727272727,11,24.0,19.0,11.0,0.633,0.6923076923076923
St. Josephs College-Long Island ,2017-2018,D3,71.0,14,15.0,23.0,9.0,0.7190000000000001,0.8235294117647058
St. Josephs College-Long Island ,2018-2019,D3,71.75,16,12.0,24.0,7.0,0.774,0.88
St. Josephs College-Long Island ,2019-2020,D3,72.82352941176471,17,37.0,12.0,7.0,0.632,0.6262626262626263
Stanford University,2010-2011,D1,74.0,14,7.0,19.0,9.0,0.679,0.8
Stanford University,2011-2012,D1,73.75,12,7.0,22.0,7.0,0.759,0.7666666666666666
Stanford University,2012-2013,D1,75.6923076923077,18,17.0,15.0,13.0,0.536,0.3928571428571429
Stanford University,2013-2014,D1,76.0,20,8.0,24.0,9.0,0.727,0.7948717948717949
Stanford University,2014-2015,D1,75.92307692307692,18,33.0,10.0,18.0,0.35700000000000004,0.2142857142857143
Stanford University,2015-2016,D1,76.0,16,4.0,19.0,6.0,0.76,0.9047619047619048
Stanford University,2016-2017,D1,76.5,18,19.0,13.0,13.0,0.5,0.5365853658536586
Stanford University,2017-2018,D1,77.15789473684211,19,40.0,6.0,20.0,0.231,0.04761904761904767
Stanford University,2018-2019,D1,76.5625,16,16.0,15.0,11.0,0.5770000000000001,0.627906976744186
Stanford University,2019-2020,D1,78.0,15,32.0,6.0,11.0,0.353,0.28888888888888886
State University of NY at New Paltz,2010-2011,D3,74.3125,16,14.0,20.0,13.0,0.606,0.7021276595744681
State University of NY at New Paltz,2011-2012,D3,74.58823529411765,17,14.0,19.0,11.0,0.633,0.5172413793103448
State University of NY at New Paltz,2012-2013,D3,73.94444444444444,18,4.0,27.0,6.0,0.818,0.8571428571428572
State University of NY at New Paltz,2013-2014,D3,74.76470588235294,17,1.0,32.0,4.0,0.889,0.9836065573770492
State University of NY at New Paltz,2014-2015,D3,74.47368421052632,19,5.0,27.0,6.0,0.818,0.9242424242424242
State University of NY at New Paltz,2015-2016,D3,75.0,16,1.0,33.0,2.0,0.943,0.9861111111111112
State University of NY at New Paltz,2016-2017,D3,74.84210526315789,19,11.0,27.0,9.0,0.75,0.858974358974359
State University of NY at New Paltz,2017-2018,D3,75.05555555555556,18,17.0,19.0,8.0,0.7040000000000001,0.8
State University of NY at New Paltz,2018-2019,D3,74.84210526315789,19,10.0,28.0,7.0,0.8,0.9
State University of NY at New Paltz,2019-2020,D3,74.8,20,5.0,16.0,3.0,0.8420000000000001,0.9494949494949495
State University of NY at Potsdam,2018-2019,D3,69.72727272727273,11,,,,,
State University of NY at Potsdam,2019-2020,D3,69.72727272727273,11,84.0,4.0,13.0,0.235,0.1515151515151515
Stevens Institute of Technology,2010-2011,D3,70.83333333333333,6,16.0,18.0,12.0,0.6,0.6595744680851063
Stevens Institute of Technology,2011-2012,D3,71.0,5,2.0,28.0,8.0,0.778,0.9310344827586207
Stevens Institute of Technology,2012-2013,D3,75.36842105263158,19,8.0,25.0,9.0,0.735,0.7142857142857143
Stevens Institute of Technology,2013-2014,D3,75.23076923076923,13,15.0,22.0,10.0,0.688,0.7540983606557377
Stevens Institute of Technology,2014-2015,D3,75.38888888888889,18,,,,,
Stevens Institute of Technology,2015-2016,D3,74.55,20,7.0,27.0,7.0,0.794,0.9027777777777778
Stevens Institute of Technology,2016-2017,D3,74.73684210526316,19,,,,,
Stevens Institute of Technology,2017-2018,D3,74.52631578947368,19,5.0,27.0,5.0,0.8440000000000001,0.9411764705882353
Stevens Institute of Technology,2018-2019,D3,74.8,20,9.0,29.0,6.0,0.8290000000000001,0.91
Stevens Institute of Technology,2019-2020,D3,75.45,20,7.0,18.0,4.0,0.818,0.9292929292929293
Stevenson University,2010-2011,D3,72.27272727272727,11,3.0,26.0,7.0,0.7879999999999999,0.9361702127659575
Stevenson University,2011-2012,D3,72.6,10,18.0,20.0,13.0,0.606,0.3793103448275862
Stevenson University,2015-2016,D3,73.70588235294117,17,9.0,26.0,8.0,0.765,0.875
Stevenson University,2016-2017,D3,73.06666666666666,15,26.0,20.0,12.0,0.625,0.6666666666666667
Stevenson University,2017-2018,D3,73.73333333333333,15,16.0,22.0,9.0,0.71,0.8117647058823529
Stevenson University,2018-2019,D3,74.25,16,4.0,30.0,4.0,0.882,0.96
Stevenson University,2019-2020,D3,74.1875,16,22.0,12.0,5.0,0.706,0.7777777777777778
The Sage Colleges,2011-2012,D3,75.23529411764706,17,16.0,17.0,10.0,0.63,0.4482758620689655
The Sage Colleges,2012-2013,D3,72.8,10,5.0,30.0,7.0,0.8109999999999999,0.8214285714285714
The Sage Colleges,2013-2014,D3,72.53846153846153,13,52.0,8.0,18.0,0.308,0.14754098360655743
The Sage Colleges,2014-2015,D3,73.28571428571429,7,50.0,9.0,18.0,0.33299999999999996,0.24242424242424243
The Sage Colleges,2015-2016,D3,72.3,10,43.0,15.0,20.0,0.429,0.4027777777777778
The Sage Colleges,2016-2017,D3,74.23076923076923,13,38.0,17.0,15.0,0.531,0.5128205128205128
The Sage Colleges,2017-2018,D3,73.73333333333333,15,46.0,13.0,14.0,0.48100000000000004,0.45882352941176474
The Sage Colleges,2018-2019,D3,71.83333333333333,12,63.0,11.0,16.0,0.40700000000000003,0.37
The Sage Colleges,2019-2020,D3,72.75,8,87.0,5.0,17.0,0.22699999999999998,0.12121212121212122
Thiel College,2010-2011,D3,76.14285714285714,19,37.0,10.0,20.0,0.33299999999999996,0.21276595744680848
Thiel College,2011-2012,D3,76.06666666666666,20,,,,,
Thiel College,2012-2013,D3,73.6,15,16.0,20.0,12.0,0.625,0.4285714285714286
Thiel College,2013-2014,D3,74.14285714285714,14,38.0,13.0,18.0,0.419,0.3770491803278688
Thiel College,2014-2015,D3,73.4375,16,42.0,11.0,14.0,0.44,0.36363636363636365
Thiel College,2015-2016,D3,72.77777777777777,9,67.0,3.0,16.0,0.158,0.06944444444444442
Thiel College,2016-2017,D3,74.25,12,48.0,11.0,15.0,0.423,0.3846153846153846
Thiel College,2017-2018,D3,74.85714285714286,14,63.0,9.0,18.0,0.33299999999999996,0.2588235294117647
Thiel College,2018-2019,D3,74.5,12,36.0,17.0,12.0,0.586,0.64
Thiel College,2019-2020,D3,74.38461538461539,13,91.0,2.0,10.0,0.16699999999999998,0.08080808080808077
Trine University,2018-2019,D3,73.36363636363636,11,85.0,6.0,23.0,0.207,0.15000000000000002
Trine University,2019-2020,D3,73.125,16,81.0,4.0,12.0,0.25,0.18181818181818177
Tusculum University,2019-2020,D1,73.83333333333333,12,40.0,5.0,14.0,0.263,0.11111111111111116
UC Irvine,2010-2011,D1,74.11111111111111,9,,,,,
UC Irvine,2011-2012,D1,73.66666666666667,9,1.0,26.0,5.0,0.8390000000000001,0.9666666666666667
UC Irvine,2012-2013,D1,75.95238095238095,21,3.0,25.0,7.0,0.7809999999999999,0.8928571428571429
UC Irvine,2013-2014,D1,76.85714285714286,21,13.0,18.0,11.0,0.621,0.6666666666666667
UC Irvine,2014-2015,D1,76.52380952380952,21,3.0,28.0,5.0,0.848,0.9285714285714286
UC Irvine,2015-2016,D1,77.0,20,33.0,10.0,20.0,0.33299999999999996,0.2142857142857143
UC Irvine,2016-2017,D1,77.21052631578948,20,8.0,20.0,7.0,0.741,0.8048780487804879
UC Irvine,2017-2018,D1,77.04545454545455,22,9.0,21.0,10.0,0.677,0.7857142857142857
UC Irvine,2018-2019,D1,77.52631578947368,19,12.0,18.0,11.0,0.621,0.7209302325581395
UC Irvine,2019-2020,D1,77.41176470588235,17,17.0,10.0,7.0,0.588,0.6222222222222222
UC San Diego,2010-2011,D1,76.33333333333333,18,30.0,9.0,20.0,0.31,0.1428571428571429
UC San Diego,2011-2012,D1,76.7,20,28.0,9.0,19.0,0.321,0.06666666666666665
UC San Diego,2012-2013,D1,76.1304347826087,23,,,,,
UC San Diego,2013-2014,D1,75.71428571428571,21,36.0,4.0,23.0,0.14800000000000002,0.07692307692307687
UC San Diego,2014-2015,D1,75.8,20,42.0,2.0,26.0,0.071,0.0
UC San Diego,2015-2016,D1,75.80952380952381,21,40.0,5.0,23.0,0.179,0.04761904761904767
UC San Diego,2016-2017,D1,76.18181818181819,22,37.0,7.0,20.0,0.259,0.09756097560975607
UC San Diego,2017-2018,D1,76.6086956521739,23,33.0,9.0,19.0,0.321,0.2142857142857143
UC San Diego,2018-2019,D1,76.47619047619048,21,38.0,7.0,20.0,0.259,0.11627906976744184
UC San Diego,2019-2020,D1,76.66666666666667,21,8.0,14.0,5.0,0.737,0.8222222222222222
UC Santa Barbara,2011-2012,D1,76.63157894736842,19,30.0,7.0,19.0,0.26899999999999996,0.0
UC Santa Barbara,2013-2014,D1,76.3157894736842,19,10.0,18.0,9.0,0.667,0.7435897435897436
UC Santa Barbara,2014-2015,D1,76.04166666666667,24,11.0,17.0,10.0,0.63,0.7380952380952381
UC Santa Barbara,2015-2016,D1,76.57894736842105,19,10.0,20.0,10.0,0.667,0.7619047619047619
UC Santa Barbara,2016-2017,D1,76.0,19,28.0,10.0,16.0,0.385,0.31707317073170727
UC Santa Barbara,2017-2018,D1,76.33333333333333,15,24.0,11.0,13.0,0.45799999999999996,0.4285714285714286
UC Santa Barbara,2018-2019,D1,75.95833333333333,24,11.0,18.0,10.0,0.643,0.7441860465116279
UC Santa Barbara,2019-2020,D1,76.13636363636364,22,4.0,14.0,2.0,0.875,0.9111111111111111
UC Santa Cruz,2012-2013,D3,74.6875,16,14.0,15.0,8.0,0.652,0.5
UC Santa Cruz,2013-2014,D3,74.3076923076923,13,27.0,14.0,12.0,0.5379999999999999,0.5573770491803278
UC Santa Cruz,2014-2015,D3,74.66666666666667,18,4.0,23.0,5.0,0.821,0.9393939393939394
UC Santa Cruz,2015-2016,D3,73.57142857142857,21,12.0,18.0,7.0,0.72,0.8333333333333334
UC Santa Cruz,2016-2017,D3,73.92307692307692,13,15.0,14.0,5.0,0.737,0.8076923076923077
UC Santa Cruz,2017-2018,D3,73.70588235294117,17,14.0,26.0,10.0,0.722,0.8352941176470589
UC Santa Cruz,2018-2019,D3,73.9375,16,39.0,21.0,17.0,0.5529999999999999,0.61
UC Santa Cruz,2019-2020,D3,74.52941176470588,17,46.0,14.0,11.0,0.56,0.5353535353535354
UCLA,2010-2011,D1,75.89473684210526,19,24.0,16.0,15.0,0.516,0.3142857142857143
UCLA,2011-2012,D1,76.66666666666667,21,9.0,22.0,8.0,0.733,0.7
UCLA,2012-2013,D1,76.6,20,12.0,21.0,11.0,0.6559999999999999,0.5714285714285714
UCLA,2015-2016,D1,75.55555555555556,18,3.0,25.0,7.0,0.7809999999999999,0.9285714285714286
UCLA,2016-2017,D1,75.45,20,13.0,17.0,10.0,0.63,0.6829268292682926
UCLA,2017-2018,D1,76.7,20,5.0,26.0,8.0,0.765,0.8809523809523809
UCLA,2018-2019,D1,77.5,20,8.0,19.0,9.0,0.679,0.813953488372093
UCLA,2019-2020,D1,78.0,23,25.0,10.0,9.0,0.526,0.4444444444444444
USC,2010-2011,D1,72.42857142857143,14,1.0,23.0,4.0,0.852,0.9714285714285714
USC,2011-2012,D1,72.58333333333333,12,2.0,24.0,6.0,0.8,0.9333333333333333
USC,2012-2013,D1,77.04545454545455,23,,,,,
USC,2013-2014,D1,76.7,20,17.0,16.0,11.0,0.593,0.5641025641025641
USC,2014-2015,D1,76.7,20,9.0,19.0,9.0,0.679,0.7857142857142857
USC,2015-2016,D1,76.27777777777777,18,36.0,7.0,19.0,0.26899999999999996,0.1428571428571429
USC,2016-2017,D1,76.36363636363636,22,19.0,14.0,14.0,0.5,0.5365853658536586
USC,2017-2018,D1,76.73684210526316,19,36.0,8.0,20.0,0.28600000000000003,0.1428571428571429
USC,2018-2019,D1,76.65,20,12.0,18.0,11.0,0.621,0.7209302325581395
USC,2019-2020,D1,76.73913043478261,23,40.0,5.0,14.0,0.263,0.11111111111111116
University of Hawaii,2012-2013,D1,72.6875,16,25.0,11.0,17.0,0.39299999999999996,0.1071428571428571
University of Hawaii,2013-2014,D1,76.8,20,19.0,15.0,12.0,0.556,0.5128205128205128
University of Hawaii,2014-2015,D1,76.5,20,6.0,24.0,7.0,0.774,0.8571428571428572
University of Hawaii,2015-2016,D1,76.2,20,20.0,16.0,12.0,0.5710000000000001,0.5238095238095238
University of Hawaii,2016-2017,D1,76.76190476190476,21,5.0,27.0,6.0,0.818,0.8780487804878049
University of Hawaii,2017-2018,D1,76.55,20,8.0,19.0,8.0,0.7040000000000001,0.8095238095238095
University of Hawaii,2018-2019,D1,77.55555555555556,18,2.0,28.0,3.0,0.903,0.9534883720930233
University of Hawaii,2019-2020,D1,76.47619047619048,21,2.0,15.0,1.0,0.938,0.9555555555555556
University of Mount Olive,2011-2012,D1,71.55555555555556,11,14.0,17.0,14.0,0.5479999999999999,0.5333333333333333
University of Mount Olive,2012-2013,D1,75.33333333333333,18,2.0,22.0,6.0,0.7859999999999999,0.9285714285714286
University of Mount Olive,2013-2014,D1,74.77777777777777,18,19.0,15.0,12.0,0.556,0.5128205128205128
University of Mount Olive,2014-2015,D1,75.72222222222223,18,13.0,15.0,10.0,0.6,0.6904761904761905
University of Mount Olive,2015-2016,D1,76.2,20,23.0,12.0,12.0,0.5,0.45238095238095233
University of Mount Olive,2016-2017,D1,77.0,15,11.0,18.0,10.0,0.643,0.7317073170731707
University of Mount Olive,2017-2018,D1,75.82352941176471,17,20.0,16.0,13.0,0.552,0.5238095238095238
University of Mount Olive,2018-2019,D1,76.13333333333334,15,29.0,11.0,16.0,0.40700000000000003,0.32558139534883723
University of Mount Olive,2019-2020,D1,75.0,17,13.0,12.0,7.0,0.632,0.7111111111111111
University of Mount Union,2018-2019,D3,74.2,10,76.0,8.0,20.0,0.28600000000000003,0.24
University of Mount Union,2019-2020,D3,74.93333333333334,15,14.0,11.0,3.0,0.7859999999999999,0.8585858585858586
Urbana University,2018-2019,D1,74.66666666666667,12,,,,,
Urbana University,2019-2020,D1,74.66666666666667,12,45.0,1.0,19.0,0.05,0.0
Vassar College,2012-2013,D3,72.84615384615384,13,18.0,20.0,13.0,0.606,0.3571428571428571
Vassar College,2013-2014,D3,72.33333333333333,12,48.0,10.0,21.0,0.32299999999999995,0.21311475409836067
Vassar College,2014-2015,D3,72.92307692307692,13,26.0,18.0,13.0,0.581,0.6060606060606061
Vassar College,2015-2016,D3,73.36363636363636,11,8.0,24.0,7.0,0.774,0.8888888888888888
Vassar College,2016-2017,D3,74.0,12,10.0,26.0,8.0,0.765,0.8717948717948718
Vassar College,2017-2018,D3,74.6,15,11.0,23.0,8.0,0.742,0.8705882352941177
Vassar College,2018-2019,D3,74.0,16,50.0,14.0,15.0,0.483,0.5
Vassar College,2019-2020,D3,74.3125,16,16.0,16.0,5.0,0.762,0.8383838383838383
Wells College,2010-2011,D3,72.42857142857143,14,,,,,
Wells College,2011-2012,D3,73.45454545454545,11,,,,,
Wells College,2012-2013,D3,72.22222222222223,9,,,,,
Wells College,2013-2014,D3,73.27272727272727,11,24.0,16.0,11.0,0.593,0.6065573770491803
Wells College,2014-2015,D3,72.53846153846153,13,46.0,12.0,19.0,0.387,0.303030303030303
Wells College,2015-2016,D3,74.3,10,52.0,10.0,20.0,0.33299999999999996,0.2777777777777778
Wells College,2016-2017,D3,73.77777777777777,9,32.0,19.0,13.0,0.594,0.5897435897435898
Wells College,2017-2018,D3,74.3,10,13.0,21.0,8.0,0.7240000000000001,0.8470588235294118
Wells College,2018-2019,D3,73.66666666666667,12,15.0,28.0,9.0,0.757,0.85
Wells College,2019-2020,D3,74.75,12,7.0,18.0,4.0,0.818,0.9292929292929293
Wentworth Institute of Technology,2010-2011,D3,73.58333333333333,12,12.0,20.0,11.0,0.645,0.7446808510638299
Wentworth Institute of Technology,2011-2012,D3,74.2,10,25.0,13.0,16.0,0.44799999999999995,0.13793103448275867
Wentworth Institute of Technology,2012-2013,D3,72.92857142857143,14,15.0,20.0,11.0,0.645,0.4642857142857143
Wentworth Institute of Technology,2013-2014,D3,73.76470588235294,17,7.0,27.0,8.0,0.7709999999999999,0.8852459016393442
Wentworth Institute of Technology,2014-2015,D3,74.4375,16,10.0,23.0,9.0,0.7190000000000001,0.8484848484848485
Wentworth Institute of Technology,2015-2016,D3,74.5625,16,13.0,23.0,9.0,0.7190000000000001,0.8194444444444444
Wentworth Institute of Technology,2016-2017,D3,74.5,18,,,,,
Wentworth Institute of Technology,2017-2018,D3,74.21052631578948,19,24.0,22.0,11.0,0.667,0.7176470588235294
Wentworth Institute of Technology,2018-2019,D3,74.78947368421052,19,27.0,19.0,11.0,0.633,0.73
Wentworth Institute of Technology,2019-2020,D3,74.76470588235294,17,22.0,12.0,5.0,0.706,0.7777777777777778
Widener University,2017-2018,D3,71.61538461538461,15,83.0,3.0,17.0,0.15,0.02352941176470591
Widener University,2018-2019,D3,72.2,12,91.0,3.0,17.0,0.15,0.08999999999999997
Widener University,2019-2020,D3,73.61538461538461,13,63.0,5.0,7.0,0.41700000000000004,0.36363636363636365
Wilkes University,2016-2017,D3,71.36363636363636,11,57.0,9.0,16.0,0.36,0.2692307692307693
Wilkes University,2017-2018,D3,70.83333333333333,12,70.0,8.0,20.0,0.28600000000000003,0.17647058823529416
Wilkes University,2018-2019,D3,72.61538461538461,13,68.0,10.0,16.0,0.385,0.31999999999999995
Wilkes University,2019-2020,D3,73.58333333333333,12,49.0,10.0,9.0,0.526,0.505050505050505
Wilson College,2015-2016,D3,71.0,10,72.0,0.0,20.0,0.0,0.0
Wilson College,2016-2017,D3,72.45454545454545,11,65.0,8.0,21.0,0.276,0.16666666666666663
Wilson College,2018-2019,D3,71.625,8,79.0,5.0,15.0,0.25,0.20999999999999996
Wilson College,2019-2020,D3,70.625,8,81.0,2.0,6.0,0.25,0.18181818181818177
Wittenberg University,2015-2016,D3,73.47058823529412,17,29.0,14.0,11.0,0.56,0.5972222222222222
Wittenberg University,2016-2017,D3,73.0,18,46.0,14.0,18.0,0.43799999999999994,0.41025641025641024
Wittenberg University,2017-2018,D3,73.625,17,36.0,14.0,11.0,0.56,0.5764705882352941
Wittenberg University,2018-2019,D3,73.88235294117646,17,24.0,21.0,11.0,0.6559999999999999,0.76
Wittenberg University,2019-2020,D3,74.1,11,70.0,7.0,12.0,0.368,0.29292929292929293
Yeshiva University,2010-2011,D3,74.0,8,24.0,12.0,12.0,0.5,0.4893617021276596
Yeshiva University,2011-2012,D3,72.83333333333333,12,28.0,13.0,18.0,0.419,0.03448275862068961
Yeshiva University,2012-2013,D3,71.6923076923077,13,,,,,
Yeshiva University,2013-2014,D3,71.63636363636364,11,44.0,10.0,17.0,0.37,0.2786885245901639
Yeshiva University,2014-2015,D3,72.07692307692308,13,49.0,9.0,17.0,0.34600000000000003,0.25757575757575757
Yeshiva University,2015-2016,D3,72.15384615384616,13,65.0,5.0,19.0,0.20800000000000002,0.09722222222222221
Yeshiva University,2016-2017,D3,72.66666666666667,12,67.0,5.0,16.0,0.23800000000000002,0.14102564102564108
Yeshiva University,2017-2018,D3,71.23076923076923,13,77.0,4.0,16.0,0.2,0.09411764705882353
Yeshiva University,2018-2019,D3,70.83333333333333,12,64.0,8.0,12.0,0.4,0.36
Yeshiva University,2019-2020,D3,72.0909090909091,11,89.0,2.0,8.0,0.2,0.101010101010101
York College,2011-2012,D3,75.45454545454545,11,,,,,
York College,2012-2013,D3,72.3076923076923,13,19.0,24.0,16.0,0.6,0.3214285714285714
York College,2013-2014,D3,72.0,12,29.0,20.0,18.0,0.526,0.5245901639344263
York College,2014-2015,D3,72.92857142857143,14,40.0,16.0,18.0,0.47100000000000003,0.3939393939393939
York College,2015-2016,D3,72.21428571428571,14,49.0,13.0,21.0,0.382,0.3194444444444444
York College,2016-2017,D3,72.71428571428571,14,73.0,4.0,23.0,0.14800000000000002,0.0641025641025641
York College,2017-2018,D3,72.6,15,81.0,4.0,21.0,0.16,0.04705882352941182
York College,2018-2019,D3,69.83333333333333,12,98.0,3.0,23.0,0.115,0.020000000000000018
York College,2019-2020,D3,70.57142857142857,14,85.0,3.0,10.0,0.231,0.14141414141414144
